#twotheta, yobs, ycal, bkg, diff
2.000000e+001,4.200000e+001,4.162983e+001,4.157184e+001,3.701654e-001
2.002000e+001,3.500000e+001,4.132729e+001,4.126913e+001,-6.327285e+000
2.004000e+001,3.600000e+001,4.102960e+001,4.097129e+001,-5.029600e+000
2.006000e+001,3.200000e+001,4.073675e+001,4.067829e+001,-8.736752e+000
2.008000e+001,3.300000e+001,4.044872e+001,4.039010e+001,-7.448715e+000
2.010000e+001,3.700000e+001,4.016546e+001,4.010669e+001,-3.165463e+000
2.012000e+001,2.700000e+001,3.988697e+001,3.982803e+001,-1.288697e+001
2.014000e+001,4.200000e+001,3.961320e+001,3.955411e+001,2.386798e+000
2.016000e+001,3.200000e+001,3.934414e+001,3.928489e+001,-7.344141e+000
2.018000e+001,3.200000e+001,3.907976e+001,3.902035e+001,-7.079757e+000
2.020000e+001,3.700000e+001,3.882002e+001,3.876045e+001,-1.820024e+000
2.022000e+001,3.500000e+001,3.856491e+001,3.850518e+001,-3.564913e+000
2.024000e+001,2.900000e+001,3.831440e+001,3.825451e+001,-9.314400e+000
2.026000e+001,3.200000e+001,3.806846e+001,3.800840e+001,-6.068457e+000
2.028000e+001,2.600000e+001,3.782706e+001,3.776684e+001,-1.182706e+001
2.030000e+001,3.400000e+001,3.759017e+001,3.752979e+001,-3.590174e+000
2.032000e+001,4.200000e+001,3.735778e+001,3.729723e+001,4.642219e+000
2.034000e+001,4.200000e+001,3.712985e+001,3.706914e+001,4.870150e+000
2.036000e+001,3.900000e+001,3.690636e+001,3.684548e+001,2.093643e+000
2.038000e+001,3.000000e+001,3.668727e+001,3.662623e+001,-6.687272e+000
2.040000e+001,4.200000e+001,3.647257e+001,3.641136e+001,5.527429e+000
2.042000e+001,4.000000e+001,3.626223e+001,3.620085e+001,3.737774e+000
2.044000e+001,3.100000e+001,3.605621e+001,3.599466e+001,-5.056210e+000
2.046000e+001,2.400000e+001,3.585450e+001,3.579278e+001,-1.185450e+001
2.048000e+001,4.200000e+001,3.565706e+001,3.559517e+001,6.342941e+000
2.050000e+001,2.900000e+001,3.546387e+001,3.540181e+001,-6.463871e+000
2.052000e+001,3.000000e+001,3.527491e+001,3.521268e+001,-5.274905e+000
2.054000e+001,4.600000e+001,3.509014e+001,3.502773e+001,1.090986e+001
2.056000e+001,2.800000e+001,3.490953e+001,3.484696e+001,-6.909534e+000
2.058000e+001,3.200000e+001,3.473308e+001,3.467033e+001,-2.733075e+000
2.060000e+001,3.800000e+001,3.456073e+001,3.449781e+001,3.439268e+000
2.062000e+001,4.700000e+001,3.439248e+001,3.432938e+001,1.260752e+001
2.064000e+001,3.700000e+001,3.422828e+001,3.416501e+001,2.771716e+000
2.066000e+001,3.700000e+001,3.406813e+001,3.400468e+001,2.931874e+000
2.068000e+001,3.600000e+001,3.391198e+001,3.384835e+001,2.088023e+000
2.070000e+001,3.200000e+001,3.375981e+001,3.369600e+001,-1.759809e+000
2.072000e+001,4.000000e+001,3.361160e+001,3.354761e+001,6.388403e+000
2.074000e+001,3.800000e+001,3.346731e+001,3.340315e+001,4.532688e+000
2.076000e+001,3.700000e+001,3.332693e+001,3.326259e+001,3.673071e+000
2.078000e+001,3.400000e+001,3.319042e+001,3.312590e+001,8.095791e-001
2.080000e+001,3.100000e+001,3.305776e+001,3.299305e+001,-2.057761e+000
2.082000e+001,3.600000e+001,3.292892e+001,3.286403e+001,3.071078e+000
2.084000e+001,3.600000e+001,3.280388e+001,3.273880e+001,3.196122e+000
2.086000e+001,2.800000e+001,3.268260e+001,3.261734e+001,-4.682601e+000
2.088000e+001,3.900000e+001,3.256507e+001,3.249962e+001,6.434935e+000
2.090000e+001,3.700000e+001,3.245124e+001,3.238561e+001,4.548756e+000
2.092000e+001,4.100000e+001,3.234111e+001,3.227529e+001,8.658890e+000
2.094000e+001,3.500000e+001,3.223464e+001,3.216863e+001,2.765363e+000
2.096000e+001,2.600000e+001,3.213180e+001,3.206560e+001,-6.131798e+000
2.098000e+001,2.800000e+001,3.203257e+001,3.196618e+001,-4.032566e+000
2.100000e+001,4.100000e+001,3.193691e+001,3.187034e+001,9.063085e+000
2.102000e+001,4.200000e+001,3.184482e+001,3.177805e+001,1.015518e+001
2.104000e+001,3.900000e+001,3.175625e+001,3.168929e+001,7.243753e+000
2.106000e+001,3.200000e+001,3.167118e+001,3.160403e+001,3.288236e-001
2.108000e+001,3.100000e+001,3.158958e+001,3.152224e+001,-5.895798e-001
2.110000e+001,4.000000e+001,3.151143e+001,3.144389e+001,8.488570e+000
2.112000e+001,4.600000e+001,3.143670e+001,3.136897e+001,1.456330e+001
2.114000e+001,4.300000e+001,3.136536e+001,3.129744e+001,1.163464e+001
2.116000e+001,4.200000e+001,3.129739e+001,3.122927e+001,1.070261e+001
2.118000e+001,5.000000e+001,3.123276e+001,3.116444e+001,1.876724e+001
2.120000e+001,6.000000e+001,3.117145e+001,3.110292e+001,2.882855e+001
2.122000e+001,4.400000e+001,3.111342e+001,3.104469e+001,1.288658e+001
2.124000e+001,5.900000e+001,3.105865e+001,3.098972e+001,2.794135e+001
2.126000e+001,7.300000e+001,3.100711e+001,3.093798e+001,4.199289e+001
2.128000e+001,5.200000e+001,3.095878e+001,3.088945e+001,2.104122e+001
2.130000e+001,5.400000e+001,3.091362e+001,3.084409e+001,2.308638e+001
2.132000e+001,8.300000e+001,3.087163e+001,3.080189e+001,5.212837e+001
2.134000e+001,6.600000e+001,3.083275e+001,3.076281e+001,3.516725e+001
2.136000e+001,6.100000e+001,3.079698e+001,3.072683e+001,3.020302e+001
2.138000e+001,5.400000e+001,3.076427e+001,3.069392e+001,2.323573e+001
2.140000e+001,5.400000e+001,3.073462e+001,3.066405e+001,2.326538e+001
2.142000e+001,4.600000e+001,3.070798e+001,3.063721e+001,1.529202e+001
2.144000e+001,5.300000e+001,3.068434e+001,3.061335e+001,2.231566e+001
2.146000e+001,4.400000e+001,3.066366e+001,3.059246e+001,1.333634e+001
2.148000e+001,3.700000e+001,3.064592e+001,3.057451e+001,6.354084e+000
2.150000e+001,3.800000e+001,3.063109e+001,3.055946e+001,7.368912e+000
2.152000e+001,4.700000e+001,3.061914e+001,3.054731e+001,1.638086e+001
2.154000e+001,3.100000e+001,3.061006e+001,3.053800e+001,3.899398e-001
2.156000e+001,3.100000e+001,3.060381e+001,3.053153e+001,3.961923e-001
2.158000e+001,3.200000e+001,3.060036e+001,3.052787e+001,1.399640e+000
2.160000e+001,3.200000e+001,3.059969e+001,3.052698e+001,1.400308e+000
2.162000e+001,3.400000e+001,3.060177e+001,3.052884e+001,3.398225e+000
2.164000e+001,3.200000e+001,3.060658e+001,3.053343e+001,1.393417e+000
2.166000e+001,3.700000e+001,3.061409e+001,3.054071e+001,6.385911e+000
2.168000e+001,3.900000e+001,3.062427e+001,3.055066e+001,8.375732e+000
2.170000e+001,3.700000e+001,3.063709e+001,3.056326e+001,6.362909e+000
2.172000e+001,2.700000e+001,3.065253e+001,3.057847e+001,-3.652534e+000
2.174000e+001,3.300000e+001,3.067057e+001,3.059627e+001,2.329432e+000
2.176000e+001,2.300000e+001,3.069117e+001,3.061664e+001,-7.691167e+000
2.178000e+001,2.200000e+001,3.071430e+001,3.063954e+001,-8.714304e+000
2.180000e+001,2.800000e+001,3.073995e+001,3.066495e+001,-2.739954e+000
2.182000e+001,4.100000e+001,3.076809e+001,3.069285e+001,1.023191e+001
2.184000e+001,3.400000e+001,3.079868e+001,3.072320e+001,3.201316e+000
2.186000e+001,3.200000e+001,3.083171e+001,3.075598e+001,1.168289e+000
2.188000e+001,2.500000e+001,3.086714e+001,3.079116e+001,-5.867144e+000
2.190000e+001,2.300000e+001,3.090496e+001,3.082872e+001,-7.904956e+000
2.192000e+001,2.900000e+001,3.094512e+001,3.086863e+001,-1.945122e+000
2.194000e+001,2.900000e+001,3.098761e+001,3.091086e+001,-1.987615e+000
2.196000e+001,2.500000e+001,3.103241e+001,3.095539e+001,-6.032408e+000
2.198000e+001,2.500000e+001,3.107948e+001,3.100219e+001,-6.079475e+000
2.200000e+001,2.700000e+001,3.112879e+001,3.105122e+001,-4.128791e+000
2.202000e+001,2.700000e+001,3.118033e+001,3.110248e+001,-4.180329e+000
2.204000e+001,2.200000e+001,3.123406e+001,3.115592e+001,-9.234064e+000
2.206000e+001,2.800000e+001,3.128997e+001,3.121153e+001,-3.289969e+000
2.208000e+001,3.300000e+001,3.134802e+001,3.126926e+001,1.651982e+000
2.210000e+001,3.600000e+001,3.140819e+001,3.132911e+001,4.591814e+000
2.212000e+001,2.300000e+001,3.147045e+001,3.139104e+001,-8.470448e+000
2.214000e+001,2.900000e+001,3.153478e+001,3.145503e+001,-2.534778e+000
2.216000e+001,2.500000e+001,3.160115e+001,3.152104e+001,-6.601152e+000
2.218000e+001,3.300000e+001,3.166954e+001,3.158906e+001,1.330457e+000
2.220000e+001,3.300000e+001,3.173993e+001,3.165904e+001,1.260072e+000
2.222000e+001,3.100000e+001,3.181228e+001,3.173098e+001,-8.122813e-001
2.224000e+001,1.700000e+001,3.188658e+001,3.180484e+001,-1.488658e+001
2.226000e+001,2.400000e+001,3.196280e+001,3.188059e+001,-7.962798e+000
2.228000e+001,3.100000e+001,3.204091e+001,3.195821e+001,-1.040914e+000
2.230000e+001,2.400000e+001,3.212090e+001,3.203768e+001,-8.120904e+000
2.232000e+001,4.200000e+001,3.220275e+001,3.211895e+001,9.797255e+000
2.234000e+001,2.600000e+001,3.228641e+001,3.220202e+001,-6.286414e+000
2.236000e+001,3.200000e+001,3.237189e+001,3.228684e+001,-3.718905e-001
2.238000e+001,2.800000e+001,3.245915e+001,3.237340e+001,-4.459152e+000
2.240000e+001,3.800000e+001,3.254818e+001,3.246166e+001,5.451822e+000
2.242000e+001,2.900000e+001,3.263895e+001,3.255161e+001,-3.638947e+000
2.244000e+001,3.000000e+001,3.273144e+001,3.264321e+001,-2.731442e+000
2.246000e+001,3.700000e+001,3.282564e+001,3.273644e+001,4.174357e+000
2.248000e+001,3.100000e+001,3.292153e+001,3.283127e+001,-1.921531e+000
2.250000e+001,2.700000e+001,3.301909e+001,3.292767e+001,-6.019091e+000
2.252000e+001,3.200000e+001,3.311831e+001,3.302561e+001,-1.118306e+000
2.254000e+001,2.200000e+001,3.321916e+001,3.312508e+001,-1.121916e+001
2.256000e+001,2.500000e+001,3.332164e+001,3.322604e+001,-8.321642e+000
2.258000e+001,2.700000e+001,3.342574e+001,3.332847e+001,-6.425736e+000
2.260000e+001,3.200000e+001,3.353143e+001,3.343234e+001,-1.531433e+000
2.262000e+001,3.200000e+001,3.363872e+001,3.353762e+001,-1.638722e+000
2.264000e+001,4.200000e+001,3.374760e+001,3.364428e+001,8.252404e+000
2.266000e+001,3.400000e+001,3.385805e+001,3.375231e+001,1.419521e-001
2.268000e+001,3.500000e+001,3.397007e+001,3.386167e+001,1.029927e+000
2.270000e+001,3.800000e+001,3.408367e+001,3.397233e+001,3.916332e+000
2.272000e+001,2.700000e+001,3.419883e+001,3.408427e+001,-7.198832e+000
2.274000e+001,2.900000e+001,3.431557e+001,3.419747e+001,-5.315568e+000
2.276000e+001,3.100000e+001,3.443388e+001,3.431189e+001,-3.433878e+000
2.278000e+001,3.000000e+001,3.456610e+001,3.442751e+001,-4.566103e+000
2.280000e+001,2.900000e+001,3.468764e+001,3.454431e+001,-5.687640e+000
2.282000e+001,3.500000e+001,3.481078e+001,3.466225e+001,1.892200e-001
2.284000e+001,3.100000e+001,3.493554e+001,3.478130e+001,-3.935537e+000
2.286000e+001,3.700000e+001,3.506806e+001,3.490145e+001,1.931941e+000
2.288000e+001,3.400000e+001,3.519614e+001,3.502267e+001,-1.196136e+000
2.290000e+001,3.400000e+001,3.532590e+001,3.514492e+001,-1.325897e+000
2.292000e+001,3.400000e+001,3.545737e+001,3.526819e+001,-1.457369e+000
2.294000e+001,3.700000e+001,3.559058e+001,3.539244e+001,1.409416e+000
2.296000e+001,2.000000e+001,3.572558e+001,3.551765e+001,-1.572558e+001
2.298000e+001,3.600000e+001,3.586240e+001,3.564379e+001,1.376007e-001
2.300000e+001,3.700000e+001,3.600109e+001,3.577083e+001,9.989148e-001
2.302000e+001,3.000000e+001,3.614169e+001,3.589875e+001,-6.141689e+000
2.304000e+001,2.700000e+001,3.628426e+001,3.602753e+001,-9.284265e+000
2.306000e+001,3.400000e+001,3.642887e+001,3.615713e+001,-2.428874e+000
2.308000e+001,2.900000e+001,3.657558e+001,3.628752e+001,-7.575580e+000
2.310000e+001,2.800000e+001,3.672445e+001,3.641869e+001,-8.724455e+000
2.312000e+001,3.400000e+001,3.687557e+001,3.655060e+001,-2.875573e+000
2.314000e+001,3.400000e+001,3.702902e+001,3.668323e+001,-3.029017e+000
2.316000e+001,5.100000e+001,3.718487e+001,3.681655e+001,1.381513e+001
2.318000e+001,3.700000e+001,3.734323e+001,3.695053e+001,-3.432341e-001
2.320000e+001,3.400000e+001,3.750420e+001,3.708516e+001,-3.504199e+000
2.322000e+001,4.200000e+001,3.766787e+001,3.722039e+001,4.332128e+000
2.324000e+001,3.900000e+001,3.783436e+001,3.735620e+001,1.165636e+000
2.326000e+001,3.200000e+001,3.800379e+001,3.749258e+001,-6.003791e+000
2.328000e+001,4.300000e+001,3.817628e+001,3.762948e+001,4.823725e+000
2.330000e+001,3.400000e+001,3.835194e+001,3.776689e+001,-4.351944e+000
2.332000e+001,3.600000e+001,3.853093e+001,3.790477e+001,-2.530932e+000
2.334000e+001,4.800000e+001,3.871338e+001,3.804310e+001,9.286622e+000
2.336000e+001,3.200000e+001,3.889943e+001,3.818186e+001,-6.899426e+000
2.338000e+001,3.300000e+001,3.908923e+001,3.832101e+001,-6.089227e+000
2.340000e+001,4.300000e+001,3.928294e+001,3.846054e+001,3.717065e+000
2.342000e+001,4.200000e+001,3.949516e+001,3.860040e+001,2.504844e+000
2.344000e+001,3.800000e+001,3.969722e+001,3.874058e+001,-1.697222e+000
2.346000e+001,4.600000e+001,3.990369e+001,3.888106e+001,6.096313e+000
2.348000e+001,3.300000e+001,4.011472e+001,3.902179e+001,-7.114721e+000
2.350000e+001,3.800000e+001,4.033767e+001,3.916276e+001,-2.337672e+000
2.352000e+001,4.200000e+001,4.055840e+001,3.930394e+001,1.441601e+000
2.354000e+001,5.300000e+001,4.078422e+001,3.944530e+001,1.221578e+001
2.356000e+001,4.800000e+001,4.101532e+001,3.958682e+001,6.984676e+000
2.358000e+001,3.900000e+001,4.125188e+001,3.972847e+001,-2.251881e+000
2.360000e+001,5.300000e+001,4.149407e+001,3.987022e+001,1.150593e+001
2.362000e+001,5.800000e+001,4.174207e+001,4.001204e+001,1.625793e+001
2.364000e+001,4.500000e+001,4.199607e+001,4.015392e+001,3.003935e+000
2.366000e+001,5.100000e+001,4.225622e+001,4.029581e+001,8.743784e+000
2.368000e+001,3.100000e+001,4.252269e+001,4.043771e+001,-1.152269e+001
2.370000e+001,4.600000e+001,4.279566e+001,4.057957e+001,3.204338e+000
2.372000e+001,5.200000e+001,4.307528e+001,4.072137e+001,8.924723e+000
2.374000e+001,3.900000e+001,4.336169e+001,4.086308e+001,-4.361688e+000
2.376000e+001,3.700000e+001,4.365504e+001,4.100469e+001,-6.655036e+000
2.378000e+001,4.300000e+001,4.395545e+001,4.114616e+001,-9.554502e-001
2.380000e+001,5.100000e+001,4.426305e+001,4.128746e+001,6.736949e+000
2.382000e+001,4.600000e+001,4.457795e+001,4.142857e+001,1.422055e+000
2.384000e+001,4.000000e+001,4.490023e+001,4.156946e+001,-4.900226e+000
2.386000e+001,3.800000e+001,4.522997e+001,4.171010e+001,-7.229972e+000
2.388000e+001,4.400000e+001,4.556725e+001,4.185048e+001,-1.567246e+000
2.390000e+001,4.000000e+001,4.591209e+001,4.199055e+001,-5.912091e+000
2.392000e+001,6.000000e+001,4.626453e+001,4.213030e+001,1.373547e+001
2.394000e+001,4.500000e+001,4.662458e+001,4.226969e+001,-1.624578e+000
2.396000e+001,4.100000e+001,4.699221e+001,4.240871e+001,-5.992210e+000
2.398000e+001,4.900000e+001,4.736739e+001,4.254732e+001,1.632611e+000
2.400000e+001,4.500000e+001,4.775005e+001,4.268550e+001,-2.750053e+000
2.402000e+001,3.500000e+001,4.814011e+001,4.282322e+001,-1.314011e+001
2.404000e+001,4.100000e+001,4.853746e+001,4.296045e+001,-7.537459e+000
2.406000e+001,7.100000e+001,4.894195e+001,4.309717e+001,2.205805e+001
2.408000e+001,5.200000e+001,4.935341e+001,4.323335e+001,2.646591e+000
2.410000e+001,5.300000e+001,4.977165e+001,4.336896e+001,3.228354e+000
2.412000e+001,5.300000e+001,5.019643e+001,4.350399e+001,2.803568e+000
2.414000e+001,5.600000e+001,5.062751e+001,4.363839e+001,5.372490e+000
2.416000e+001,4.100000e+001,5.106459e+001,4.377214e+001,-1.006459e+001
2.418000e+001,5.200000e+001,5.150736e+001,4.390522e+001,4.926436e-001
2.420000e+001,4.800000e+001,5.195546e+001,4.403760e+001,-3.955455e+000
2.422000e+001,6.000000e+001,5.240851e+001,4.416925e+001,7.591494e+000
2.424000e+001,6.100000e+001,5.286610e+001,4.430015e+001,8.133904e+000
2.426000e+001,6.600000e+001,5.332778e+001,4.443027e+001,1.267222e+001
2.428000e+001,5.100000e+001,5.379308e+001,4.455958e+001,-2.793083e+000
2.430000e+001,5.800000e+001,5.426150e+001,4.468806e+001,3.738501e+000
2.432000e+001,6.100000e+001,5.473250e+001,4.481568e+001,6.267505e+000
2.434000e+001,6.500000e+001,5.520551e+001,4.494241e+001,9.794494e+000
2.436000e+001,5.500000e+001,5.567994e+001,4.506822e+001,-6.799407e-001
2.438000e+001,5.400000e+001,5.615518e+001,4.519310e+001,-2.155181e+000
2.440000e+001,5.800000e+001,5.663058e+001,4.531701e+001,1.369416e+000
2.442000e+001,5.700000e+001,5.710548e+001,4.543992e+001,-1.054838e-001
2.444000e+001,6.400000e+001,5.757919e+001,4.556181e+001,6.420809e+000
2.446000e+001,5.600000e+001,5.805100e+001,4.568265e+001,-2.050997e+000
2.448000e+001,5.500000e+001,5.852018e+001,4.580242e+001,-3.520176e+000
2.450000e+001,5.200000e+001,5.898598e+001,4.592109e+001,-6.985984e+000
2.452000e+001,6.300000e+001,5.944767e+001,4.603863e+001,3.552333e+000
2.454000e+001,6.000000e+001,5.990446e+001,4.615502e+001,9.554398e-002
2.456000e+001,5.900000e+001,6.035558e+001,4.627022e+001,-1.355576e+000
2.458000e+001,6.400000e+001,6.080025e+001,4.638422e+001,3.199749e+000
2.460000e+001,5.600000e+001,6.123772e+001,4.649702e+001,-5.237723e+000
2.462000e+001,5.400000e+001,6.166724e+001,4.660862e+001,-7.667240e+000
2.464000e+001,6.400000e+001,6.208805e+001,4.671903e+001,1.911948e+000
2.466000e+001,6.400000e+001,6.249941e+001,4.682825e+001,1.500586e+000
2.468000e+001,6.700000e+001,6.290059e+001,4.693630e+001,4.099410e+000
2.470000e+001,7.600000e+001,6.329086e+001,4.704318e+001,1.270914e+001
2.472000e+001,5.900000e+001,6.366950e+001,4.714889e+001,-4.669504e+000
2.474000e+001,5.900000e+001,6.403584e+001,4.725344e+001,-5.035839e+000
2.476000e+001,6.900000e+001,6.438919e+001,4.735684e+001,4.610810e+000
2.478000e+001,8.000000e+001,6.472891e+001,4.745909e+001,1.527109e+001
2.480000e+001,5.900000e+001,6.505437e+001,4.756020e+001,-6.054373e+000
2.482000e+001,6.300000e+001,6.536499e+001,4.766018e+001,-2.364990e+000
2.484000e+001,5.200000e+001,6.566020e+001,4.775902e+001,-1.366020e+001
2.486000e+001,7.200000e+001,6.593947e+001,4.785674e+001,6.060531e+000
2.488000e+001,6.600000e+001,6.620231e+001,4.795335e+001,-2.023137e-001
2.490000e+001,6.800000e+001,6.644828e+001,4.804884e+001,1.551719e+000
2.492000e+001,6.400000e+001,6.667696e+001,4.814323e+001,-2.676960e+000
2.494000e+001,5.500000e+001,6.688798e+001,4.823652e+001,-1.188798e+001
2.496000e+001,7.400000e+001,6.708103e+001,4.832871e+001,6.918970e+000
2.498000e+001,7.700000e+001,6.725582e+001,4.841983e+001,9.744178e+000
2.500000e+001,6.700000e+001,6.741213e+001,4.850985e+001,-4.121327e-001
2.502000e+001,7.200000e+001,6.754978e+001,4.859881e+001,4.450219e+000
2.504000e+001,5.900000e+001,6.766864e+001,4.868670e+001,-8.668638e+000
2.506000e+001,7.500000e+001,6.776400e+001,4.877352e+001,7.236005e+000
2.508000e+001,7.100000e+001,6.782817e+001,4.885929e+001,3.171832e+000
2.510000e+001,7.100000e+001,6.786124e+001,4.894401e+001,3.138755e+000
2.512000e+001,9.800000e+001,6.786213e+001,4.902768e+001,3.013787e+001
2.514000e+001,8.300000e+001,6.782699e+001,4.911032e+001,1.517301e+001
2.516000e+001,6.500000e+001,6.775635e+001,4.919192e+001,-2.756354e+000
2.518000e+001,5.800000e+001,6.765125e+001,4.927250e+001,-9.651252e+000
2.520000e+001,7.400000e+001,6.751292e+001,4.935206e+001,6.487081e+000
2.522000e+001,7.600000e+001,6.734278e+001,4.943061e+001,8.657224e+000
2.524000e+001,7.000000e+001,6.714240e+001,4.950815e+001,2.857598e+000
2.526000e+001,6.600000e+001,6.691352e+001,4.958468e+001,-9.135197e-001
2.528000e+001,6.200000e+001,6.665797e+001,4.966023e+001,-4.657970e+000
2.530000e+001,6.900000e+001,6.637769e+001,4.973478e+001,2.622311e+000
2.532000e+001,5.000000e+001,6.607469e+001,4.980835e+001,-1.607469e+001
2.534000e+001,6.200000e+001,6.575104e+001,4.988094e+001,-3.751037e+000
2.536000e+001,6.400000e+001,6.540884e+001,4.995256e+001,-1.408837e+000
2.538000e+001,7.100000e+001,6.505021e+001,5.002322e+001,5.949790e+000
2.540000e+001,6.800000e+001,6.467728e+001,5.009292e+001,3.322719e+000
2.542000e+001,5.800000e+001,6.429216e+001,5.016166e+001,-6.292160e+000
2.544000e+001,7.900000e+001,6.389693e+001,5.022946e+001,1.510307e+001
2.546000e+001,7.100000e+001,6.349364e+001,5.029632e+001,7.506363e+000
2.548000e+001,6.300000e+001,6.308427e+001,5.036224e+001,-8.427326e-002
2.550000e+001,7.100000e+001,6.267077e+001,5.042724e+001,8.329230e+000
2.552000e+001,5.300000e+001,6.234146e+001,5.049131e+001,-9.341465e+000
2.554000e+001,5.400000e+001,6.192551e+001,5.055447e+001,-7.925508e+000
2.556000e+001,8.100000e+001,6.151075e+001,5.061671e+001,1.948925e+001
2.558000e+001,5.900000e+001,6.109879e+001,5.067806e+001,-2.098792e+000
2.560000e+001,4.700000e+001,6.073401e+001,5.073850e+001,-1.373401e+001
2.562000e+001,7.800000e+001,6.033221e+001,5.079806e+001,1.766779e+001
2.564000e+001,5.800000e+001,5.993741e+001,5.085672e+001,-1.937407e+000
2.566000e+001,5.900000e+001,5.955078e+001,5.091451e+001,-5.507783e-001
2.568000e+001,7.000000e+001,5.917340e+001,5.097143e+001,1.082660e+001
2.570000e+001,6.000000e+001,5.880622e+001,5.102748e+001,1.193785e+000
2.572000e+001,5.200000e+001,5.845008e+001,5.108266e+001,-6.450085e+000
2.574000e+001,6.300000e+001,5.810574e+001,5.113699e+001,4.894262e+000
2.576000e+001,5.000000e+001,5.777380e+001,5.119047e+001,-7.773800e+000
2.578000e+001,6.200000e+001,5.745479e+001,5.124311e+001,4.545212e+000
2.580000e+001,5.600000e+001,5.714912e+001,5.129491e+001,-1.149118e+000
2.582000e+001,5.600000e+001,5.685710e+001,5.134589e+001,-8.571022e-001
2.584000e+001,5.100000e+001,5.657896e+001,5.139603e+001,-5.578960e+000
2.586000e+001,5.400000e+001,5.631482e+001,5.144536e+001,-2.314821e+000
2.588000e+001,6.700000e+001,5.606473e+001,5.149387e+001,1.093527e+001
2.590000e+001,5.200000e+001,5.582864e+001,5.154158e+001,-3.828641e+000
2.592000e+001,6.200000e+001,5.560645e+001,5.158849e+001,6.393546e+000
2.594000e+001,5.900000e+001,5.539799e+001,5.163460e+001,3.602011e+000
2.596000e+001,6.200000e+001,5.520301e+001,5.167993e+001,6.796992e+000
2.598000e+001,6.700000e+001,5.502122e+001,5.172447e+001,1.197878e+001
2.600000e+001,6.300000e+001,5.485228e+001,5.176824e+001,8.147721e+000
2.602000e+001,6.000000e+001,5.469581e+001,5.181124e+001,5.304192e+000
2.604000e+001,4.900000e+001,5.455139e+001,5.185347e+001,-5.551385e+000
2.606000e+001,3.900000e+001,5.441856e+001,5.189495e+001,-1.541856e+001
2.608000e+001,5.700000e+001,5.429687e+001,5.193567e+001,2.703133e+000
2.610000e+001,5.100000e+001,5.418581e+001,5.197565e+001,-3.185807e+000
2.612000e+001,5.700000e+001,5.408488e+001,5.201489e+001,2.915124e+000
2.614000e+001,5.500000e+001,5.399356e+001,5.205339e+001,1.006441e+000
2.616000e+001,5.100000e+001,5.391134e+001,5.209117e+001,-2.911338e+000
2.618000e+001,5.200000e+001,5.383769e+001,5.212823e+001,-1.837692e+000
2.620000e+001,5.700000e+001,5.377210e+001,5.216457e+001,3.227896e+000
2.622000e+001,5.300000e+001,5.371406e+001,5.220020e+001,-7.140639e-001
2.624000e+001,5.300000e+001,5.366307e+001,5.223513e+001,-6.630703e-001
2.626000e+001,5.200000e+001,5.361863e+001,5.226936e+001,-1.618634e+000
2.628000e+001,5.300000e+001,5.358028e+001,5.230290e+001,-5.802793e-001
2.630000e+001,5.000000e+001,5.354755e+001,5.233576e+001,-3.547547e+000
2.632000e+001,5.300000e+001,5.352000e+001,5.236794e+001,-5.199957e-001
2.634000e+001,5.200000e+001,5.349720e+001,5.239945e+001,-1.497201e+000
2.636000e+001,4.500000e+001,5.347876e+001,5.243029e+001,-8.478760e+000
2.638000e+001,4.200000e+001,5.346429e+001,5.246046e+001,-1.146429e+001
2.640000e+001,4.100000e+001,5.345342e+001,5.248999e+001,-1.245342e+001
2.642000e+001,5.100000e+001,5.344582e+001,5.251887e+001,-2.445822e+000
2.644000e+001,5.600000e+001,5.344116e+001,5.254710e+001,2.558836e+000
2.646000e+001,5.900000e+001,5.343915e+001,5.257470e+001,5.560853e+000
2.648000e+001,5.600000e+001,5.343949e+001,5.260167e+001,2.560509e+000
2.650000e+001,5.200000e+001,5.344194e+001,5.262801e+001,-1.441936e+000
2.652000e+001,5.600000e+001,5.344624e+001,5.265374e+001,2.553762e+000
2.654000e+001,4.300000e+001,5.345218e+001,5.267886e+001,-1.045218e+001
2.656000e+001,5.400000e+001,5.345954e+001,5.270336e+001,5.404579e-001
2.658000e+001,5.000000e+001,5.346815e+001,5.272728e+001,-3.468149e+000
2.660000e+001,4.900000e+001,5.347782e+001,5.275059e+001,-4.477824e+000
2.662000e+001,5.900000e+001,5.348841e+001,5.277332e+001,5.511591e+000
2.664000e+001,5.400000e+001,5.349976e+001,5.279547e+001,5.002379e-001
2.666000e+001,4.300000e+001,5.351175e+001,5.281704e+001,-1.051175e+001
2.668000e+001,4.700000e+001,5.352426e+001,5.283805e+001,-6.524263e+000
2.670000e+001,4.900000e+001,5.353719e+001,5.285849e+001,-4.537188e+000
2.672000e+001,5.100000e+001,5.355043e+001,5.287838e+001,-2.550434e+000
2.674000e+001,4.700000e+001,5.356391e+001,5.289771e+001,-6.563914e+000
2.676000e+001,4.700000e+001,5.357755e+001,5.291650e+001,-6.577554e+000
2.678000e+001,5.700000e+001,5.359129e+001,5.293475e+001,3.408714e+000
2.680000e+001,4.800000e+001,5.360505e+001,5.295247e+001,-5.605051e+000
2.682000e+001,5.400000e+001,5.361880e+001,5.296966e+001,3.812037e-001
2.684000e+001,4.800000e+001,5.363248e+001,5.298633e+001,-5.632475e+000
2.686000e+001,4.800000e+001,5.364605e+001,5.300249e+001,-5.646047e+000
2.688000e+001,3.800000e+001,5.365948e+001,5.301814e+001,-1.565948e+001
2.690000e+001,5.600000e+001,5.367274e+001,5.303328e+001,2.327264e+000
2.692000e+001,6.100000e+001,5.368580e+001,5.304794e+001,7.314204e+000
2.694000e+001,4.900000e+001,5.369863e+001,5.306210e+001,-4.698634e+000
2.696000e+001,4.000000e+001,5.371123e+001,5.307578e+001,-1.371123e+001
2.698000e+001,4.900000e+001,5.372357e+001,5.308898e+001,-4.723573e+000
2.700000e+001,5.500000e+001,5.373564e+001,5.310170e+001,1.264356e+000
2.702000e+001,5.800000e+001,5.374743e+001,5.311397e+001,4.252567e+000
2.704000e+001,6.100000e+001,5.375893e+001,5.312577e+001,7.241067e+000
2.706000e+001,6.400000e+001,5.377013e+001,5.313712e+001,1.022987e+001
2.708000e+001,7.000000e+001,5.378103e+001,5.314802e+001,1.621897e+001
2.710000e+001,4.700000e+001,5.379162e+001,5.315849e+001,-6.791625e+000
2.712000e+001,5.500000e+001,5.380191e+001,5.316851e+001,1.198094e+000
2.714000e+001,6.000000e+001,5.381188e+001,5.317811e+001,6.188124e+000
2.716000e+001,6.100000e+001,5.382153e+001,5.318729e+001,7.178467e+000
2.718000e+001,5.100000e+001,5.383088e+001,5.319604e+001,-2.830877e+000
2.720000e+001,6.100000e+001,5.383991e+001,5.320439e+001,7.160090e+000
2.722000e+001,4.700000e+001,5.384863e+001,5.321233e+001,-6.848632e+000
2.724000e+001,6.000000e+001,5.385705e+001,5.321988e+001,6.142954e+000
2.726000e+001,5.000000e+001,5.386515e+001,5.322703e+001,-3.865154e+000
2.728000e+001,5.200000e+001,5.387296e+001,5.323380e+001,-1.872960e+000
2.730000e+001,6.700000e+001,5.388047e+001,5.324018e+001,1.311953e+001
2.732000e+001,6.100000e+001,5.388768e+001,5.324619e+001,7.112324e+000
2.734000e+001,6.100000e+001,5.389459e+001,5.325184e+001,7.105406e+000
2.736000e+001,5.100000e+001,5.390122e+001,5.325712e+001,-2.901223e+000
2.738000e+001,5.100000e+001,5.390757e+001,5.326204e+001,-2.907570e+000
2.740000e+001,5.800000e+001,5.391364e+001,5.326662e+001,4.086363e+000
2.742000e+001,4.900000e+001,5.391943e+001,5.327085e+001,-4.919430e+000
2.744000e+001,5.700000e+001,5.392495e+001,5.327475e+001,3.075046e+000
2.746000e+001,5.000000e+001,5.393021e+001,5.327831e+001,-3.930213e+000
2.748000e+001,6.300000e+001,5.393521e+001,5.328155e+001,9.064787e+000
2.750000e+001,6.600000e+001,5.393996e+001,5.328446e+001,1.206004e+001
2.752000e+001,6.700000e+001,5.394446e+001,5.328707e+001,1.305554e+001
2.754000e+001,6.400000e+001,5.394871e+001,5.328937e+001,1.005129e+001
2.756000e+001,6.100000e+001,5.395273e+001,5.329136e+001,7.047275e+000
2.758000e+001,6.700000e+001,5.395651e+001,5.329306e+001,1.304349e+001
2.760000e+001,5.000000e+001,5.396006e+001,5.329448e+001,-3.960064e+000
2.762000e+001,6.700000e+001,5.396340e+001,5.329561e+001,1.303660e+001
2.764000e+001,7.100000e+001,5.396652e+001,5.329646e+001,1.703348e+001
2.766000e+001,7.200000e+001,5.396943e+001,5.329704e+001,1.803057e+001
2.768000e+001,6.300000e+001,5.397213e+001,5.329736e+001,9.027868e+000
2.770000e+001,4.900000e+001,5.397464e+001,5.329742e+001,-4.974639e+000
2.772000e+001,7.300000e+001,5.397695e+001,5.329723e+001,1.902305e+001
2.774000e+001,6.100000e+001,5.397908e+001,5.329679e+001,7.020918e+000
2.776000e+001,7.100000e+001,5.398103e+001,5.329611e+001,1.701897e+001
2.778000e+001,5.100000e+001,5.398280e+001,5.329520e+001,-2.982802e+000
2.780000e+001,7.200000e+001,5.398441e+001,5.329405e+001,1.801559e+001
2.782000e+001,5.900000e+001,5.398585e+001,5.329269e+001,5.014152e+000
2.784000e+001,7.000000e+001,5.398713e+001,5.329111e+001,1.601287e+001
2.786000e+001,6.500000e+001,5.398827e+001,5.328932e+001,1.101173e+001
2.788000e+001,5.700000e+001,5.398926e+001,5.328733e+001,3.010740e+000
2.790000e+001,5.900000e+001,5.399011e+001,5.328514e+001,5.009888e+000
2.792000e+001,7.500000e+001,5.399083e+001,5.328276e+001,2.100917e+001
2.794000e+001,6.600000e+001,5.399143e+001,5.328019e+001,1.200857e+001
2.796000e+001,7.100000e+001,5.399190e+001,5.327745e+001,1.700810e+001
2.798000e+001,6.000000e+001,5.399227e+001,5.327453e+001,6.007733e+000
2.800000e+001,6.200000e+001,5.399252e+001,5.327144e+001,8.007476e+000
2.802000e+001,7.300000e+001,5.399268e+001,5.326819e+001,1.900732e+001
2.804000e+001,5.400000e+001,5.399274e+001,5.326479e+001,7.258743e-003
2.806000e+001,6.800000e+001,5.399272e+001,5.326124e+001,1.400728e+001
2.808000e+001,6.900000e+001,5.399261e+001,5.325755e+001,1.500739e+001
2.810000e+001,6.300000e+001,5.399243e+001,5.325372e+001,9.007573e+000
2.812000e+001,6.000000e+001,5.399218e+001,5.324976e+001,6.007824e+000
2.814000e+001,6.200000e+001,5.399186e+001,5.324567e+001,8.008135e+000
2.816000e+001,7.700000e+001,5.399150e+001,5.324147e+001,2.300850e+001
2.818000e+001,5.500000e+001,5.399108e+001,5.323715e+001,1.008918e+000
2.820000e+001,6.100000e+001,5.399062e+001,5.323273e+001,7.009376e+000
2.822000e+001,7.700000e+001,5.399013e+001,5.322820e+001,2.300987e+001
2.824000e+001,6.200000e+001,5.398961e+001,5.322359e+001,8.010391e+000
2.826000e+001,7.100000e+001,5.398907e+001,5.321888e+001,1.701093e+001
2.828000e+001,7.800000e+001,5.398851e+001,5.321410e+001,2.401149e+001
2.830000e+001,6.700000e+001,5.398794e+001,5.320923e+001,1.301206e+001
2.832000e+001,7.500000e+001,5.398737e+001,5.320430e+001,2.101263e+001
2.834000e+001,5.900000e+001,5.398680e+001,5.319931e+001,5.013197e+000
2.836000e+001,6.300000e+001,5.398625e+001,5.319425e+001,9.013750e+000
2.838000e+001,7.000000e+001,5.398571e+001,5.318915e+001,1.601429e+001
2.840000e+001,8.300000e+001,5.398521e+001,5.318400e+001,2.901479e+001
2.842000e+001,6.400000e+001,5.398473e+001,5.317881e+001,1.001527e+001
2.844000e+001,6.700000e+001,5.398429e+001,5.317359e+001,1.301571e+001
2.846000e+001,6.000000e+001,5.398390e+001,5.316834e+001,6.016099e+000
2.848000e+001,6.700000e+001,5.398356e+001,5.316307e+001,1.301644e+001
2.850000e+001,8.000000e+001,5.398329e+001,5.315779e+001,2.601671e+001
2.852000e+001,8.000000e+001,5.398308e+001,5.315249e+001,2.601692e+001
2.854000e+001,7.500000e+001,5.398294e+001,5.314720e+001,2.101706e+001
2.856000e+001,6.500000e+001,5.398289e+001,5.314190e+001,1.101711e+001
2.858000e+001,6.900000e+001,5.398292e+001,5.313662e+001,1.501708e+001
2.860000e+001,5.000000e+001,5.398306e+001,5.313135e+001,-3.983057e+000
2.862000e+001,7.200000e+001,5.398329e+001,5.312611e+001,1.801671e+001
2.864000e+001,6.400000e+001,5.398364e+001,5.312089e+001,1.001636e+001
2.866000e+001,7.700000e+001,5.398410e+001,5.311570e+001,2.301590e+001
2.868000e+001,6.800000e+001,5.398470e+001,5.311056e+001,1.401530e+001
2.870000e+001,6.900000e+001,5.398542e+001,5.310546e+001,1.501458e+001
2.872000e+001,7.200000e+001,5.398628e+001,5.310041e+001,1.801372e+001
2.874000e+001,5.900000e+001,5.398730e+001,5.309543e+001,5.012704e+000
2.876000e+001,5.800000e+001,5.398846e+001,5.309050e+001,4.011536e+000
2.878000e+001,6.400000e+001,5.398980e+001,5.308565e+001,1.001020e+001
2.880000e+001,7.600000e+001,5.399130e+001,5.308087e+001,2.200870e+001
2.882000e+001,5.700000e+001,5.399298e+001,5.307618e+001,3.007021e+000
2.884000e+001,6.100000e+001,5.399485e+001,5.307157e+001,7.005153e+000
2.886000e+001,4.200000e+001,5.399691e+001,5.306706e+001,-1.199691e+001
2.888000e+001,6.500000e+001,5.399917e+001,5.306265e+001,1.100083e+001
2.890000e+001,5.400000e+001,5.400165e+001,5.305835e+001,-1.649733e-003
2.892000e+001,4.800000e+001,5.400434e+001,5.305416e+001,-6.004343e+000
2.894000e+001,4.500000e+001,5.400726e+001,5.305009e+001,-9.007263e+000
2.896000e+001,5.400000e+001,5.401042e+001,5.304614e+001,-1.041755e-002
2.898000e+001,4.300000e+001,5.401381e+001,5.304232e+001,-1.101381e+001
2.900000e+001,5.500000e+001,5.401746e+001,5.303865e+001,9.825367e-001
2.902000e+001,4.500000e+001,5.402137e+001,5.303511e+001,-9.021371e+000
2.904000e+001,5.600000e+001,5.402555e+001,5.303173e+001,1.974453e+000
2.906000e+001,6.500000e+001,5.403000e+001,5.302850e+001,1.097000e+001
2.908000e+001,6.600000e+001,5.403474e+001,5.302543e+001,1.196526e+001
2.910000e+001,5.200000e+001,5.403977e+001,5.302253e+001,-2.039768e+000
2.912000e+001,5.700000e+001,5.409135e+001,5.301981e+001,2.908652e+000
2.914000e+001,4.400000e+001,5.409734e+001,5.301726e+001,-1.009734e+001
2.916000e+001,5.600000e+001,5.410366e+001,5.301489e+001,1.896345e+000
2.918000e+001,4.900000e+001,5.411028e+001,5.301270e+001,-5.110285e+000
2.920000e+001,5.100000e+001,5.414014e+001,5.301068e+001,-3.140145e+000
2.922000e+001,5.500000e+001,5.414759e+001,5.300884e+001,8.524139e-001
2.924000e+001,4.700000e+001,5.415535e+001,5.300716e+001,-7.155351e+000
2.926000e+001,4.600000e+001,5.416344e+001,5.300565e+001,-8.163440e+000
2.928000e+001,6.300000e+001,5.417185e+001,5.300431e+001,8.828145e+000
2.930000e+001,5.200000e+001,5.418060e+001,5.300313e+001,-2.180598e+000
2.932000e+001,5.600000e+001,5.418967e+001,5.300211e+001,1.810329e+000
2.934000e+001,5.500000e+001,5.419908e+001,5.300126e+001,8.009247e-001
2.936000e+001,4.400000e+001,5.420881e+001,5.300056e+001,-1.020881e+001
2.938000e+001,5.200000e+001,5.421889e+001,5.300001e+001,-2.218889e+000
2.940000e+001,5.900000e+001,5.422930e+001,5.299962e+001,4.770698e+000
2.942000e+001,4.700000e+001,5.424006e+001,5.299939e+001,-7.240057e+000
2.944000e+001,5.000000e+001,5.425116e+001,5.299930e+001,-4.251156e+000
2.946000e+001,4.700000e+001,5.426260e+001,5.299936e+001,-7.262602e+000
2.948000e+001,5.800000e+001,5.427440e+001,5.299957e+001,3.725601e+000
2.950000e+001,6.000000e+001,5.428655e+001,5.299992e+001,5.713451e+000
2.952000e+001,5.600000e+001,5.429906e+001,5.300041e+001,1.700944e+000
2.954000e+001,4.900000e+001,5.431193e+001,5.300104e+001,-5.311925e+000
2.956000e+001,5.000000e+001,5.432516e+001,5.300181e+001,-4.325159e+000
2.958000e+001,6.100000e+001,5.433876e+001,5.300271e+001,6.661238e+000
2.960000e+001,5.600000e+001,5.435274e+001,5.300375e+001,1.647261e+000
2.962000e+001,3.700000e+001,5.436710e+001,5.300492e+001,-1.736710e+001
2.964000e+001,4.000000e+001,5.438183e+001,5.300622e+001,-1.438183e+001
2.966000e+001,4.600000e+001,5.439696e+001,5.300765e+001,-8.396964e+000
2.968000e+001,5.300000e+001,5.441249e+001,5.300920e+001,-1.412487e+000
2.970000e+001,5.500000e+001,5.442841e+001,5.301088e+001,5.715884e-001
2.972000e+001,3.100000e+001,5.444474e+001,5.301268e+001,-2.344474e+001
2.974000e+001,5.900000e+001,5.446149e+001,5.301460e+001,4.538512e+000
2.976000e+001,4.800000e+001,5.447865e+001,5.301663e+001,-6.478655e+000
2.978000e+001,5.200000e+001,5.449625e+001,5.301879e+001,-2.496249e+000
2.980000e+001,4.100000e+001,5.451428e+001,5.302105e+001,-1.351428e+001
2.982000e+001,5.700000e+001,5.453275e+001,5.302343e+001,2.467245e+000
2.984000e+001,4.400000e+001,5.455168e+001,5.302592e+001,-1.055168e+001
2.986000e+001,4.200000e+001,5.457107e+001,5.302851e+001,-1.257107e+001
2.988000e+001,3.900000e+001,5.459094e+001,5.303121e+001,-1.559094e+001
2.990000e+001,4.700000e+001,5.461128e+001,5.303402e+001,-7.611283e+000
2.992000e+001,3.300000e+001,5.463212e+001,5.303692e+001,-2.163212e+001
2.994000e+001,4.400000e+001,5.465347e+001,5.303993e+001,-1.065347e+001
2.996000e+001,4.200000e+001,5.467533e+001,5.304303e+001,-1.267533e+001
2.998000e+001,4.500000e+001,5.469772e+001,5.304623e+001,-9.697723e+000
3.000000e+001,5.500000e+001,5.472066e+001,5.304952e+001,2.793403e-001
3.002000e+001,5.000000e+001,5.474415e+001,5.305290e+001,-4.744155e+000
3.004000e+001,5.400000e+001,5.476822e+001,5.305638e+001,-7.682239e-001
3.006000e+001,4.700000e+001,5.479288e+001,5.305994e+001,-7.792883e+000
3.008000e+001,5.500000e+001,5.481815e+001,5.306358e+001,1.818510e-001
3.010000e+001,4.900000e+001,5.484404e+001,5.306731e+001,-5.844040e+000
3.012000e+001,5.000000e+001,5.487058e+001,5.307112e+001,-4.870576e+000
3.014000e+001,4.900000e+001,5.489778e+001,5.307501e+001,-5.897777e+000
3.016000e+001,4.700000e+001,5.492566e+001,5.307898e+001,-7.925664e+000
3.018000e+001,4.300000e+001,5.495426e+001,5.308302e+001,-1.195426e+001
3.020000e+001,4.300000e+001,5.498359e+001,5.308714e+001,-1.198359e+001
3.022000e+001,4.400000e+001,5.501368e+001,5.309133e+001,-1.101368e+001
3.024000e+001,6.200000e+001,5.504456e+001,5.309559e+001,6.955442e+000
3.026000e+001,3.200000e+001,5.507625e+001,5.309991e+001,-2.307625e+001
3.028000e+001,6.700000e+001,5.510879e+001,5.310430e+001,1.189121e+001
3.030000e+001,4.500000e+001,5.514221e+001,5.310876e+001,-1.014221e+001
3.032000e+001,5.000000e+001,5.517655e+001,5.311327e+001,-5.176550e+000
3.034000e+001,4.100000e+001,5.521184e+001,5.311785e+001,-1.421184e+001
3.036000e+001,4.600000e+001,5.524812e+001,5.312248e+001,-9.248123e+000
3.038000e+001,4.800000e+001,5.528544e+001,5.312717e+001,-7.285442e+000
3.040000e+001,3.600000e+001,5.532384e+001,5.313191e+001,-1.932384e+001
3.042000e+001,4.500000e+001,5.536337e+001,5.313670e+001,-1.036337e+001
3.044000e+001,4.800000e+001,5.540409e+001,5.314154e+001,-7.404088e+000
3.046000e+001,4.400000e+001,5.544604e+001,5.314643e+001,-1.144604e+001
3.048000e+001,4.500000e+001,5.548929e+001,5.315136e+001,-1.048929e+001
3.050000e+001,4.800000e+001,5.553391e+001,5.315634e+001,-7.533906e+000
3.052000e+001,5.000000e+001,5.557995e+001,5.316136e+001,-5.579952e+000
3.054000e+001,4.200000e+001,5.562750e+001,5.316642e+001,-1.362750e+001
3.056000e+001,5.900000e+001,5.567664e+001,5.317151e+001,3.323358e+000
3.058000e+001,4.200000e+001,5.572745e+001,5.317664e+001,-1.372745e+001
3.060000e+001,5.100000e+001,5.578003e+001,5.318181e+001,-4.780025e+000
3.062000e+001,5.000000e+001,5.583446e+001,5.318700e+001,-5.834464e+000
3.064000e+001,4.700000e+001,5.589087e+001,5.319222e+001,-8.890874e+000
3.066000e+001,5.200000e+001,5.594937e+001,5.319748e+001,-3.949374e+000
3.068000e+001,6.400000e+001,5.601009e+001,5.320275e+001,7.989910e+000
3.070000e+001,4.700000e+001,5.607316e+001,5.320805e+001,-9.073158e+000
3.072000e+001,4.200000e+001,5.613873e+001,5.321337e+001,-1.413873e+001
3.074000e+001,3.200000e+001,5.620696e+001,5.321871e+001,-2.420696e+001
3.076000e+001,5.000000e+001,5.627804e+001,5.322407e+001,-6.278039e+000
3.078000e+001,5.200000e+001,5.635215e+001,5.322944e+001,-4.352147e+000
3.080000e+001,4.900000e+001,5.642950e+001,5.323483e+001,-7.429499e+000
3.082000e+001,5.700000e+001,5.651032e+001,5.324022e+001,4.896777e-001
3.084000e+001,5.600000e+001,5.659487e+001,5.324563e+001,-5.948725e-001
3.086000e+001,6.100000e+001,5.668342e+001,5.325104e+001,4.316576e+000
3.088000e+001,5.700000e+001,5.677628e+001,5.325646e+001,2.237183e-001
3.090000e+001,6.300000e+001,5.687378e+001,5.326188e+001,6.126216e+000
3.092000e+001,6.300000e+001,5.697631e+001,5.326730e+001,6.023694e+000
3.094000e+001,4.900000e+001,5.708427e+001,5.327273e+001,-8.084268e+000
3.096000e+001,7.300000e+001,5.719815e+001,5.327814e+001,1.580185e+001
3.098000e+001,5.800000e+001,5.731849e+001,5.328356e+001,6.815128e-001
3.100000e+001,5.300000e+001,5.744594e+001,5.328896e+001,-4.445939e+000
3.102000e+001,5.900000e+001,5.758129e+001,5.329436e+001,1.418714e+000
3.104000e+001,7.400000e+001,5.772552e+001,5.329975e+001,1.627448e+001
3.106000e+001,5.800000e+001,5.787994e+001,5.330512e+001,1.200635e-001
3.108000e+001,5.500000e+001,5.804633e+001,5.331048e+001,-3.046328e+000
3.110000e+001,5.900000e+001,5.822723e+001,5.331582e+001,7.727715e-001
3.112000e+001,6.900000e+001,5.842634e+001,5.332114e+001,1.057366e+001
3.114000e+001,6.300000e+001,5.864918e+001,5.332644e+001,4.350816e+000
3.116000e+001,6.500000e+001,5.890400e+001,5.333172e+001,6.096005e+000
3.118000e+001,7.200000e+001,5.920312e+001,5.333698e+001,1.279688e+001
3.120000e+001,6.600000e+001,5.956493e+001,5.334220e+001,6.435067e+000
3.122000e+001,6.000000e+001,6.001643e+001,5.334740e+001,-1.642688e-002
3.124000e+001,6.200000e+001,6.059675e+001,5.335257e+001,1.403253e+000
3.126000e+001,7.400000e+001,6.136166e+001,5.335770e+001,1.263834e+001
3.128000e+001,7.700000e+001,6.238911e+001,5.336280e+001,1.461089e+001
3.130000e+001,7.400000e+001,6.378581e+001,5.336786e+001,1.021419e+001
3.132000e+001,7.400000e+001,6.569463e+001,5.337288e+001,8.305370e+000
3.134000e+001,8.300000e+001,6.830237e+001,5.337786e+001,1.469763e+001
3.136000e+001,8.700000e+001,7.184714e+001,5.338280e+001,1.515286e+001
3.138000e+001,1.030000e+002,7.662437e+001,5.338769e+001,2.637563e+001
3.140000e+001,1.110000e+002,8.298996e+001,5.339253e+001,2.801004e+001
3.142000e+001,9.900000e+001,9.135908e+001,5.339733e+001,7.640921e+000
3.144000e+001,1.150000e+002,1.021987e+002,5.340207e+001,1.280126e+001
3.146000e+001,1.030000e+002,1.160126e+002,5.340676e+001,-1.301263e+001
3.148000e+001,1.630000e+002,1.333170e+002,5.341140e+001,2.968305e+001
3.150000e+001,1.760000e+002,1.546067e+002,5.341598e+001,2.139335e+001
3.152000e+001,1.720000e+002,1.803127e+002,5.342050e+001,-8.312722e+000
3.154000e+001,2.240000e+002,2.107523e+002,5.342496e+001,1.324771e+001
3.156000e+001,2.330000e+002,2.460748e+002,5.342935e+001,-1.307477e+001
3.158000e+001,2.520000e+002,2.862086e+002,5.343368e+001,-3.420863e+001
3.160000e+001,2.960000e+002,3.308143e+002,5.343795e+001,-3.481427e+001
3.162000e+001,3.630000e+002,3.792489e+002,5.344214e+001,-1.624893e+001
3.164000e+001,4.570000e+002,4.305492e+002,5.344626e+001,2.645085e+001
3.166000e+001,4.560000e+002,4.834353e+002,5.345031e+001,-2.743533e+001
3.168000e+001,5.220000e+002,5.363414e+002,5.345428e+001,-1.434137e+001
3.170000e+001,6.030000e+002,5.874711e+002,5.345818e+001,1.552889e+001
3.172000e+001,6.410000e+002,6.348823e+002,5.346200e+001,6.117735e+000
3.174000e+001,7.210000e+002,6.765981e+002,5.346573e+001,4.440189e+001
3.176000e+001,7.800000e+002,7.107443e+002,5.346938e+001,6.925566e+001
3.178000e+001,7.730000e+002,7.357017e+002,5.347295e+001,3.729832e+001
3.180000e+001,6.950000e+002,7.437569e+002,5.347643e+001,-4.875686e+001
3.182000e+001,7.040000e+002,7.029024e+002,5.347982e+001,1.097562e+000
3.184000e+001,6.460000e+002,6.361036e+002,5.348312e+001,9.896411e+000
3.186000e+001,5.780000e+002,5.706324e+002,5.348632e+001,7.367596e+000
3.188000e+001,5.030000e+002,5.139976e+002,5.348943e+001,-1.099761e+001
3.190000e+001,4.310000e+002,4.490676e+002,5.349245e+001,-1.806761e+001
3.192000e+001,3.780000e+002,3.820024e+002,5.349536e+001,-4.002364e+000
3.194000e+001,3.360000e+002,3.234637e+002,5.349817e+001,1.253627e+001
3.196000e+001,2.930000e+002,2.768703e+002,5.350088e+001,1.612971e+001
3.198000e+001,2.450000e+002,2.407587e+002,5.350348e+001,4.241315e+000
3.200000e+001,1.960000e+002,2.124549e+002,5.350597e+001,-1.645488e+001
3.202000e+001,2.280000e+002,1.897446e+002,5.350836e+001,3.825535e+001
3.204000e+001,1.680000e+002,1.711638e+002,5.351063e+001,-3.163816e+000
3.206000e+001,1.430000e+002,1.558032e+002,5.351279e+001,-1.280323e+001
3.208000e+001,1.430000e+002,1.430644e+002,5.351484e+001,-6.435770e-002
3.210000e+001,1.140000e+002,1.324987e+002,5.351677e+001,-1.849867e+001
3.212000e+001,1.180000e+002,1.237332e+002,5.351857e+001,-5.733248e+000
3.214000e+001,1.170000e+002,1.164477e+002,5.352026e+001,5.523153e-001
3.216000e+001,1.220000e+002,1.103707e+002,5.352182e+001,1.162934e+001
3.218000e+001,9.200000e+001,1.052790e+002,5.352326e+001,-1.327899e+001
3.220000e+001,1.050000e+002,1.009939e+002,5.352457e+001,4.006147e+000
3.222000e+001,9.500000e+001,9.737466e+001,5.352575e+001,-2.374656e+000
3.224000e+001,1.070000e+002,9.431227e+001,5.352680e+001,1.268773e+001
3.226000e+001,1.060000e+002,9.172303e+001,5.352771e+001,1.427697e+001
3.228000e+001,9.700000e+001,8.954402e+001,5.352849e+001,7.455977e+000
3.230000e+001,9.000000e+001,8.772972e+001,5.352913e+001,2.270283e+000
3.232000e+001,9.100000e+001,8.624973e+001,5.352964e+001,4.750265e+000
3.234000e+001,8.700000e+001,8.508758e+001,5.353000e+001,1.912415e+000
3.236000e+001,8.300000e+001,8.424009e+001,5.353021e+001,-1.240086e+000
3.238000e+001,8.300000e+001,8.371729e+001,5.353028e+001,-7.172927e-001
3.240000e+001,7.200000e+001,8.354270e+001,5.353021e+001,-1.154270e+001
3.242000e+001,6.800000e+001,8.375349e+001,5.352998e+001,-1.575349e+001
3.244000e+001,8.800000e+001,8.440061e+001,5.352960e+001,3.599388e+000
3.246000e+001,8.400000e+001,8.554832e+001,5.352907e+001,-1.548318e+000
3.248000e+001,8.200000e+001,8.727302e+001,5.352838e+001,-5.273018e+000
3.250000e+001,1.040000e+002,8.966105e+001,5.352754e+001,1.433895e+001
3.252000e+001,9.100000e+001,9.280520e+001,5.352653e+001,-1.805197e+000
3.254000e+001,9.900000e+001,9.679985e+001,5.352536e+001,2.200153e+000
3.256000e+001,1.250000e+002,1.017347e+002,5.352403e+001,2.326534e+001
3.258000e+001,1.150000e+002,1.076870e+002,5.352254e+001,7.313016e+000
3.260000e+001,1.490000e+002,1.147132e+002,5.352087e+001,3.428678e+001
3.262000e+001,1.200000e+002,1.228396e+002,5.351904e+001,-2.839614e+000
3.264000e+001,1.630000e+002,1.320529e+002,5.351703e+001,3.094710e+001
3.266000e+001,1.420000e+002,1.422915e+002,5.351485e+001,-2.914694e-001
3.268000e+001,1.590000e+002,1.534373e+002,5.351250e+001,5.562714e+000
3.270000e+001,1.930000e+002,1.653091e+002,5.350996e+001,2.769088e+001
3.272000e+001,1.860000e+002,1.776572e+002,5.350725e+001,8.342774e+000
3.274000e+001,1.880000e+002,1.901601e+002,5.350436e+001,-2.160145e+000
3.276000e+001,2.020000e+002,2.024253e+002,5.350128e+001,-4.252720e-001
3.278000e+001,2.310000e+002,2.139963e+002,5.349801e+001,1.700365e+001
3.280000e+001,2.060000e+002,2.243727e+002,5.349456e+001,-1.837275e+001
3.282000e+001,2.360000e+002,2.330450e+002,5.349092e+001,2.954972e+000
3.284000e+001,2.550000e+002,2.395462e+002,5.348708e+001,1.545380e+001
3.286000e+001,2.480000e+002,2.411611e+002,5.348305e+001,6.838927e+000
3.288000e+001,2.050000e+002,2.180311e+002,5.347883e+001,-1.303111e+001
3.290000e+001,2.060000e+002,1.935393e+002,5.347441e+001,1.246072e+001
3.292000e+001,1.930000e+002,1.808602e+002,5.346978e+001,1.213982e+001
3.294000e+001,1.740000e+002,1.736600e+002,5.346496e+001,3.400405e-001
3.296000e+001,1.890000e+002,1.564003e+002,5.345993e+001,3.259972e+001
3.298000e+001,1.360000e+002,1.352721e+002,5.345470e+001,7.279452e-001
3.300000e+001,1.340000e+002,1.206454e+002,5.344925e+001,1.335464e+001
3.302000e+001,1.040000e+002,1.111763e+002,5.344360e+001,-7.176275e+000
3.304000e+001,1.230000e+002,1.037114e+002,5.343774e+001,1.928858e+001
3.306000e+001,1.000000e+002,9.705247e+001,5.343166e+001,2.947531e+000
3.308000e+001,1.090000e+002,9.122394e+001,5.342536e+001,1.777606e+001
3.310000e+001,9.300000e+001,8.640414e+001,5.341885e+001,6.595862e+000
3.312000e+001,8.400000e+001,8.256999e+001,5.341212e+001,1.430013e+000
3.314000e+001,9.500000e+001,7.955862e+001,5.340516e+001,1.544138e+001
3.316000e+001,8.100000e+001,7.718390e+001,5.339799e+001,3.816102e+000
3.318000e+001,7.000000e+001,7.529120e+001,5.339058e+001,-5.291197e+000
3.320000e+001,9.500000e+001,7.376559e+001,5.338295e+001,2.123441e+001
3.322000e+001,7.800000e+001,7.252402e+001,5.337508e+001,5.475975e+000
3.324000e+001,8.600000e+001,7.150620e+001,5.336699e+001,1.449380e+001
3.326000e+001,6.400000e+001,7.066769e+001,5.335866e+001,-6.667690e+000
3.328000e+001,8.400000e+001,6.997528e+001,5.335009e+001,1.402472e+001
3.330000e+001,6.900000e+001,6.940377e+001,5.334129e+001,-4.037669e-001
3.332000e+001,6.400000e+001,6.893382e+001,5.333225e+001,-4.933821e+000
3.334000e+001,8.000000e+001,6.855046e+001,5.332296e+001,1.144954e+001
3.336000e+001,8.100000e+001,6.824200e+001,5.331343e+001,1.275800e+001
3.338000e+001,8.300000e+001,6.799925e+001,5.330365e+001,1.500075e+001
3.340000e+001,6.600000e+001,6.781500e+001,5.329363e+001,-1.814999e+000
3.342000e+001,7.000000e+001,6.768357e+001,5.328336e+001,2.316431e+000
3.344000e+001,7.200000e+001,6.760051e+001,5.327283e+001,4.399489e+000
3.346000e+001,5.700000e+001,6.756238e+001,5.326205e+001,-1.056238e+001
3.348000e+001,6.400000e+001,6.756655e+001,5.325101e+001,-3.566549e+000
3.350000e+001,6.700000e+001,6.761108e+001,5.323971e+001,-6.110770e-001
3.352000e+001,6.600000e+001,6.769460e+001,5.322816e+001,-1.694603e+000
3.354000e+001,5.200000e+001,6.781627e+001,5.321634e+001,-1.581627e+001
3.356000e+001,7.100000e+001,6.797565e+001,5.320426e+001,3.024349e+000
3.358000e+001,6.300000e+001,6.817272e+001,5.319191e+001,-5.172721e+000
3.360000e+001,5.500000e+001,6.840781e+001,5.317929e+001,-1.340781e+001
3.362000e+001,7.000000e+001,6.868157e+001,5.316640e+001,1.318430e+000
3.364000e+001,6.400000e+001,6.899498e+001,5.315324e+001,-4.994985e+000
3.366000e+001,5.200000e+001,6.934933e+001,5.313981e+001,-1.734933e+001
3.368000e+001,6.300000e+001,6.974620e+001,5.312610e+001,-6.746201e+000
3.370000e+001,8.000000e+001,7.018748e+001,5.311211e+001,9.812518e+000
3.372000e+001,5.300000e+001,7.067539e+001,5.309784e+001,-1.767539e+001
3.374000e+001,5.600000e+001,7.121247e+001,5.308329e+001,-1.521247e+001
3.376000e+001,6.300000e+001,7.180163e+001,5.306846e+001,-8.801632e+000
3.378000e+001,6.200000e+001,7.244619e+001,5.305334e+001,-1.044619e+001
3.380000e+001,8.300000e+001,7.314991e+001,5.303795e+001,9.850095e+000
3.382000e+001,7.700000e+001,7.391702e+001,5.302228e+001,3.082984e+000
3.384000e+001,8.200000e+001,7.475235e+001,5.300633e+001,7.247647e+000
3.386000e+001,6.500000e+001,7.566141e+001,5.299011e+001,-1.066141e+001
3.388000e+001,6.400000e+001,7.665048e+001,5.297361e+001,-1.265048e+001
3.390000e+001,8.300000e+001,7.772680e+001,5.295684e+001,5.273197e+000
3.392000e+001,8.700000e+001,7.889881e+001,5.293979e+001,8.101188e+000
3.394000e+001,8.200000e+001,8.017649e+001,5.292247e+001,1.823509e+000
3.396000e+001,8.300000e+001,8.157199e+001,5.290488e+001,1.428011e+000
3.398000e+001,9.200000e+001,8.310081e+001,5.288703e+001,8.899189e+000
3.400000e+001,9.800000e+001,8.478417e+001,5.286890e+001,1.321583e+001
3.402000e+001,7.300000e+001,8.665371e+001,5.285050e+001,-1.365371e+001
3.404000e+001,7.300000e+001,8.876077e+001,5.283184e+001,-1.576077e+001
3.406000e+001,9.600000e+001,9.119349e+001,5.281291e+001,4.806509e+000
3.408000e+001,1.030000e+002,9.410661e+001,5.279372e+001,8.893390e+000
3.410000e+001,1.220000e+002,9.776916e+001,5.277426e+001,2.423084e+001
3.412000e+001,1.070000e+002,1.026337e+002,5.275454e+001,4.366265e+000
3.414000e+001,1.300000e+002,1.094253e+002,5.273456e+001,2.057473e+001
3.416000e+001,1.470000e+002,1.192360e+002,5.271432e+001,2.776396e+001
3.418000e+001,1.540000e+002,1.335974e+002,5.269382e+001,2.040262e+001
3.420000e+001,1.810000e+002,1.544818e+002,5.267306e+001,2.651822e+001
3.422000e+001,2.020000e+002,1.841805e+002,5.265205e+001,1.781951e+001
3.424000e+001,2.250000e+002,2.250121e+002,5.263077e+001,-1.211551e-002
3.426000e+001,2.750000e+002,2.788544e+002,5.260925e+001,-3.854441e+000
3.428000e+001,3.000000e+002,3.465494e+002,5.258746e+001,-4.654944e+001
3.430000e+001,4.150000e+002,4.272879e+002,5.256543e+001,-1.228792e+001
3.432000e+001,5.040000e+002,5.181022e+002,5.254314e+001,-1.410221e+001
3.434000e+001,6.090000e+002,6.135703e+002,5.252060e+001,-4.570290e+000
3.436000e+001,7.640000e+002,7.058375e+002,5.249781e+001,5.816249e+001
3.438000e+001,8.200000e+002,7.852618e+002,5.247477e+001,3.473821e+001
3.440000e+001,8.700000e+002,8.422644e+002,5.245149e+001,2.773564e+001
3.442000e+001,8.370000e+002,8.513356e+002,5.242795e+001,-1.433562e+001
3.444000e+001,7.760000e+002,7.939790e+002,5.240417e+001,-1.797897e+001
3.446000e+001,7.020000e+002,7.063971e+002,5.238015e+001,-4.397080e+000
3.448000e+001,6.080000e+002,6.165524e+002,5.235588e+001,-8.552389e+000
3.450000e+001,5.330000e+002,5.346635e+002,5.233137e+001,-1.663522e+000
3.452000e+001,4.340000e+002,4.464779e+002,5.230662e+001,-1.247787e+001
3.454000e+001,3.970000e+002,3.603290e+002,5.228162e+001,3.667104e+001
3.456000e+001,2.840000e+002,2.877189e+002,5.225639e+001,-3.718915e+000
3.458000e+001,2.600000e+002,2.334636e+002,5.223092e+001,2.653644e+001
3.460000e+001,1.910000e+002,1.971829e+002,5.220521e+001,-6.182870e+000
3.462000e+001,1.570000e+002,1.753702e+002,5.217926e+001,-1.837019e+001
3.464000e+001,1.880000e+002,1.634596e+002,5.215308e+001,2.454037e+001
3.466000e+001,1.470000e+002,1.574599e+002,5.212666e+001,-1.045989e+001
3.468000e+001,1.580000e+002,1.546520e+002,5.210001e+001,3.347984e+000
3.470000e+001,1.550000e+002,1.534962e+002,5.207313e+001,1.503818e+000
3.472000e+001,1.300000e+002,1.532259e+002,5.204601e+001,-2.322592e+001
3.474000e+001,1.670000e+002,1.534797e+002,5.201867e+001,1.352028e+001
3.476000e+001,1.650000e+002,1.540781e+002,5.199110e+001,1.092188e+001
3.478000e+001,1.410000e+002,1.549182e+002,5.196329e+001,-1.391818e+001
3.480000e+001,1.600000e+002,1.559308e+002,5.193526e+001,4.069174e+000
3.482000e+001,1.350000e+002,1.570646e+002,5.190701e+001,-2.206460e+001
3.484000e+001,1.650000e+002,1.582790e+002,5.187853e+001,6.720997e+000
3.486000e+001,1.600000e+002,1.595411e+002,5.184982e+001,4.588576e-001
3.488000e+001,1.670000e+002,1.608237e+002,5.182090e+001,6.176326e+000
3.490000e+001,1.510000e+002,1.621035e+002,5.179175e+001,-1.110345e+001
3.492000e+001,1.600000e+002,1.633606e+002,5.176237e+001,-3.360594e+000
3.494000e+001,1.700000e+002,1.645778e+002,5.173278e+001,5.422193e+000
3.496000e+001,1.630000e+002,1.657399e+002,5.170297e+001,-2.739940e+000
3.498000e+001,1.610000e+002,1.668337e+002,5.167295e+001,-5.833664e+000
3.500000e+001,2.000000e+002,1.678473e+002,5.164270e+001,3.215274e+001
3.502000e+001,1.830000e+002,1.687705e+002,5.161224e+001,1.422952e+001
3.504000e+001,1.750000e+002,1.695945e+002,5.158156e+001,5.405535e+000
3.506000e+001,1.970000e+002,1.703117e+002,5.155068e+001,2.668831e+001
3.508000e+001,1.770000e+002,1.709159e+002,5.151957e+001,6.084064e+000
3.510000e+001,1.670000e+002,1.714023e+002,5.148826e+001,-4.402302e+000
3.512000e+001,1.780000e+002,1.716985e+002,5.145674e+001,6.301483e+000
3.514000e+001,1.640000e+002,1.710755e+002,5.142500e+001,-7.075511e+000
3.516000e+001,1.620000e+002,1.694197e+002,5.139306e+001,-7.419685e+000
3.518000e+001,1.750000e+002,1.669056e+002,5.136091e+001,8.094384e+000
3.520000e+001,1.740000e+002,1.637642e+002,5.132855e+001,1.023580e+001
3.522000e+001,1.450000e+002,1.600622e+002,5.129599e+001,-1.506223e+001
3.524000e+001,1.520000e+002,1.557448e+002,5.126323e+001,-3.744787e+000
3.526000e+001,1.950000e+002,1.510729e+002,5.123026e+001,4.392705e+001
3.528000e+001,1.320000e+002,1.462998e+002,5.119709e+001,-1.429978e+001
3.530000e+001,1.420000e+002,1.416453e+002,5.116371e+001,3.547137e-001
3.532000e+001,1.310000e+002,1.372836e+002,5.113014e+001,-6.283578e+000
3.534000e+001,1.410000e+002,1.333364e+002,5.109637e+001,7.663620e+000
3.536000e+001,1.400000e+002,1.298753e+002,5.106240e+001,1.012471e+001
3.538000e+001,1.510000e+002,1.269271e+002,5.102823e+001,2.407294e+001
3.540000e+001,1.690000e+002,1.244829e+002,5.099387e+001,4.451711e+001
3.542000e+001,1.250000e+002,1.225087e+002,5.095931e+001,2.491350e+000
3.544000e+001,1.570000e+002,1.209546e+002,5.092455e+001,3.604537e+001
3.546000e+001,1.290000e+002,1.197641e+002,5.088961e+001,9.235939e+000
3.548000e+001,1.410000e+002,1.188799e+002,5.085447e+001,2.212008e+001
3.550000e+001,1.200000e+002,1.182500e+002,5.081914e+001,1.749954e+000
3.552000e+001,1.140000e+002,1.178307e+002,5.078362e+001,-3.830689e+000
3.554000e+001,1.160000e+002,1.175889e+002,5.074792e+001,-1.588895e+000
3.556000e+001,1.190000e+002,1.175040e+002,5.071202e+001,1.496029e+000
3.558000e+001,1.050000e+002,1.175684e+002,5.067594e+001,-1.256843e+001
3.560000e+001,1.370000e+002,1.177887e+002,5.063967e+001,1.921130e+001
3.562000e+001,1.010000e+002,1.181859e+002,5.060322e+001,-1.718587e+001
3.564000e+001,1.390000e+002,1.187017e+002,5.056659e+001,2.029833e+001
3.566000e+001,1.370000e+002,1.195812e+002,5.052977e+001,1.741882e+001
3.568000e+001,1.490000e+002,1.208008e+002,5.049277e+001,2.819923e+001
3.570000e+001,1.260000e+002,1.224545e+002,5.045559e+001,3.545450e+000
3.572000e+001,1.360000e+002,1.246136e+002,5.041823e+001,1.138637e+001
3.574000e+001,1.560000e+002,1.275195e+002,5.038069e+001,2.848052e+001
3.576000e+001,1.490000e+002,1.313012e+002,5.034298e+001,1.769881e+001
3.578000e+001,1.610000e+002,1.361701e+002,5.030509e+001,2.482990e+001
3.580000e+001,1.580000e+002,1.423743e+002,5.026702e+001,1.562572e+001
3.582000e+001,1.540000e+002,1.501998e+002,5.022878e+001,3.800170e+000
3.584000e+001,1.880000e+002,1.599704e+002,5.019037e+001,2.802963e+001
3.586000e+001,1.980000e+002,1.720441e+002,5.015178e+001,2.595590e+001
3.588000e+001,2.150000e+002,1.868078e+002,5.011302e+001,2.819220e+001
3.590000e+001,2.270000e+002,2.044270e+002,5.007410e+001,2.257302e+001
3.592000e+001,2.500000e+002,2.257962e+002,5.003500e+001,2.420377e+001
3.594000e+001,2.680000e+002,2.510725e+002,4.999574e+001,1.692747e+001
3.596000e+001,3.020000e+002,2.806226e+002,4.995631e+001,2.137742e+001
3.598000e+001,2.910000e+002,3.146359e+002,4.991671e+001,-2.363589e+001
3.600000e+001,3.260000e+002,3.535771e+002,4.987695e+001,-2.757715e+001
3.602000e+001,3.900000e+002,3.974370e+002,4.983702e+001,-7.437009e+000
3.604000e+001,4.480000e+002,4.461853e+002,4.979693e+001,1.814689e+000
3.606000e+001,4.630000e+002,4.996230e+002,4.975668e+001,-3.662297e+001
3.608000e+001,5.730000e+002,5.573569e+002,4.971627e+001,1.564311e+001
3.610000e+001,5.940000e+002,6.187779e+002,4.967570e+001,-2.477790e+001
3.612000e+001,6.530000e+002,6.830425e+002,4.963497e+001,-3.004247e+001
3.614000e+001,7.040000e+002,7.490590e+002,4.959409e+001,-4.505904e+001
3.616000e+001,8.380000e+002,8.154811e+002,4.955304e+001,2.251892e+001
3.618000e+001,9.090000e+002,8.807116e+002,4.951184e+001,2.828838e+001
3.620000e+001,1.007000e+003,9.429275e+002,4.947049e+001,6.407252e+001
3.622000e+001,1.031000e+003,1.000135e+003,4.942898e+001,3.086462e+001
3.624000e+001,1.107000e+003,1.050271e+003,4.938732e+001,5.672888e+001
3.626000e+001,1.118000e+003,1.091345e+003,4.934551e+001,2.665483e+001
3.628000e+001,1.163000e+003,1.121620e+003,4.930355e+001,4.138000e+001
3.630000e+001,1.005000e+003,1.116803e+003,4.926144e+001,-1.118029e+002
3.632000e+001,1.032000e+003,9.982292e+002,4.921918e+001,3.377079e+001
3.634000e+001,9.370000e+002,8.683235e+002,4.917678e+001,6.867647e+001
3.636000e+001,8.280000e+002,7.876307e+002,4.913423e+001,4.036925e+001
3.638000e+001,7.450000e+002,7.434022e+002,4.909153e+001,1.597817e+000
3.640000e+001,6.690000e+002,6.811690e+002,4.904869e+001,-1.216905e+001
3.642000e+001,5.410000e+002,5.746511e+002,4.900571e+001,-3.365112e+001
3.644000e+001,4.470000e+002,4.779765e+002,4.896258e+001,-3.097648e+001
3.646000e+001,4.200000e+002,4.095078e+002,4.891932e+001,1.049218e+001
3.648000e+001,3.550000e+002,3.606789e+002,4.887591e+001,-5.678917e+000
3.650000e+001,3.380000e+002,3.207526e+002,4.883236e+001,1.724739e+001
3.652000e+001,3.010000e+002,2.847927e+002,4.878868e+001,1.620735e+001
3.654000e+001,2.510000e+002,2.521776e+002,4.874486e+001,-1.177611e+000
3.656000e+001,2.600000e+002,2.236116e+002,4.870090e+001,3.638839e+001
3.658000e+001,2.140000e+002,1.994780e+002,4.865681e+001,1.452201e+001
3.660000e+001,2.110000e+002,1.795316e+002,4.861259e+001,3.146842e+001
3.662000e+001,1.720000e+002,1.631613e+002,4.856823e+001,8.838662e+000
3.664000e+001,1.390000e+002,1.496827e+002,4.852375e+001,-1.068266e+001
3.666000e+001,1.430000e+002,1.384918e+002,4.847913e+001,4.508233e+000
3.668000e+001,1.380000e+002,1.291072e+002,4.843438e+001,8.892842e+000
3.670000e+001,1.470000e+002,1.211591e+002,4.838950e+001,2.584093e+001
3.672000e+001,1.210000e+002,1.143655e+002,4.834450e+001,6.634520e+000
3.674000e+001,1.300000e+002,1.085098e+002,4.829937e+001,2.149016e+001
3.676000e+001,1.130000e+002,1.034241e+002,4.825411e+001,9.575925e+000
3.678000e+001,1.130000e+002,9.897621e+001,4.820873e+001,1.402379e+001
3.680000e+001,1.040000e+002,9.506147e+001,4.816323e+001,8.938533e+000
3.682000e+001,1.120000e+002,9.159580e+001,4.811760e+001,2.040420e+001
3.684000e+001,8.600000e+001,8.851118e+001,4.807186e+001,-2.511179e+000
3.686000e+001,1.000000e+002,8.575203e+001,4.802599e+001,1.424797e+001
3.688000e+001,9.100000e+001,8.327261e+001,4.798000e+001,7.727387e+000
3.690000e+001,8.000000e+001,8.103500e+001,4.793390e+001,-1.034998e+000
3.692000e+001,9.000000e+001,7.900751e+001,4.788768e+001,1.099249e+001
3.694000e+001,7.700000e+001,7.716353e+001,4.784134e+001,-1.635260e-001
3.696000e+001,8.400000e+001,7.548055e+001,4.779489e+001,8.519455e+000
3.698000e+001,6.900000e+001,7.393944e+001,4.774832e+001,-4.939435e+000
3.700000e+001,8.600000e+001,7.252385e+001,4.770164e+001,1.347615e+001
3.702000e+001,7.100000e+001,7.121974e+001,4.765485e+001,-2.197365e-001
3.704000e+001,7.800000e+001,7.001499e+001,4.760795e+001,7.985007e+000
3.706000e+001,9.000000e+001,6.889912e+001,4.756094e+001,2.110088e+001
3.708000e+001,7.900000e+001,6.786298e+001,4.751382e+001,1.113702e+001
3.710000e+001,8.300000e+001,6.689859e+001,4.746659e+001,1.610141e+001
3.712000e+001,7.700000e+001,6.599897e+001,4.741926e+001,1.100103e+001
3.714000e+001,6.400000e+001,6.515796e+001,4.737182e+001,-1.157956e+000
3.716000e+001,5.700000e+001,6.437012e+001,4.732428e+001,-7.370119e+000
3.718000e+001,6.500000e+001,6.363065e+001,4.727663e+001,1.369350e+000
3.720000e+001,7.500000e+001,6.293528e+001,4.722888e+001,1.206472e+001
3.722000e+001,5.200000e+001,6.228019e+001,4.718103e+001,-1.028019e+001
3.724000e+001,7.700000e+001,6.166201e+001,4.713307e+001,1.533799e+001
3.726000e+001,5.400000e+001,6.107767e+001,4.708502e+001,-7.077669e+000
3.728000e+001,8.300000e+001,6.052445e+001,4.703687e+001,2.247555e+001
3.730000e+001,6.900000e+001,5.999990e+001,4.698863e+001,9.000103e+000
3.732000e+001,7.300000e+001,5.950179e+001,4.694028e+001,1.349821e+001
3.734000e+001,5.700000e+001,5.902812e+001,4.689185e+001,-2.028124e+000
3.736000e+001,5.400000e+001,5.857709e+001,4.684331e+001,-4.577088e+000
3.738000e+001,6.600000e+001,5.814703e+001,4.679469e+001,7.852966e+000
3.740000e+001,8.200000e+001,5.773647e+001,4.674597e+001,2.426353e+001
3.742000e+001,6.300000e+001,5.734402e+001,4.669716e+001,5.655984e+000
3.744000e+001,6.300000e+001,5.696844e+001,4.664826e+001,6.031557e+000
3.746000e+001,7.000000e+001,5.660861e+001,4.659928e+001,1.339139e+001
3.748000e+001,6.300000e+001,5.626346e+001,4.655020e+001,6.736536e+000
3.750000e+001,7.100000e+001,5.593206e+001,4.650104e+001,1.506794e+001
3.752000e+001,8.400000e+001,5.561352e+001,4.645179e+001,2.838648e+001
3.754000e+001,6.400000e+001,5.530703e+001,4.640246e+001,8.692974e+000
3.756000e+001,5.600000e+001,5.501184e+001,4.635304e+001,9.881584e-001
3.758000e+001,4.300000e+001,5.472728e+001,4.630354e+001,-1.172728e+001
3.760000e+001,4.900000e+001,5.445270e+001,4.625396e+001,-5.452698e+000
3.762000e+001,4.800000e+001,5.418752e+001,4.620430e+001,-6.187516e+000
3.764000e+001,6.200000e+001,5.393119e+001,4.615456e+001,8.068812e+000
3.766000e+001,5.400000e+001,5.360408e+001,4.610474e+001,3.959209e-001
3.768000e+001,4.900000e+001,5.336494e+001,4.605484e+001,-4.364944e+000
3.770000e+001,5.700000e+001,5.313324e+001,4.600487e+001,3.866764e+000
3.772000e+001,4.300000e+001,5.290855e+001,4.595482e+001,-9.908551e+000
3.774000e+001,4.600000e+001,5.269051e+001,4.590470e+001,-6.690511e+000
3.776000e+001,5.500000e+001,5.243972e+001,4.585450e+001,2.560283e+000
3.778000e+001,6.500000e+001,5.223441e+001,4.580423e+001,1.276559e+001
3.780000e+001,5.200000e+001,5.203475e+001,4.575389e+001,-3.475129e-002
3.782000e+001,3.800000e+001,5.184046e+001,4.570348e+001,-1.384046e+001
3.784000e+001,4.000000e+001,5.165125e+001,4.565300e+001,-1.165125e+001
3.786000e+001,4.900000e+001,5.146690e+001,4.560245e+001,-2.466896e+000
3.788000e+001,3.100000e+001,5.128714e+001,4.555184e+001,-2.028714e+001
3.790000e+001,4.900000e+001,5.111178e+001,4.550116e+001,-2.111775e+000
3.792000e+001,3.600000e+001,5.094058e+001,4.545041e+001,-1.494058e+001
3.794000e+001,4.700000e+001,5.077337e+001,4.539960e+001,-3.773373e+000
3.796000e+001,4.600000e+001,5.060996e+001,4.534873e+001,-4.609959e+000
3.798000e+001,5.100000e+001,5.045017e+001,4.529779e+001,5.498330e-001
3.800000e+001,5.200000e+001,5.029383e+001,4.524680e+001,1.706165e+000
3.802000e+001,5.000000e+001,5.014081e+001,4.519574e+001,-1.408078e-001
3.804000e+001,5.400000e+001,4.999094e+001,4.514463e+001,4.009060e+000
3.806000e+001,5.800000e+001,4.984410e+001,4.509346e+001,8.155905e+000
3.808000e+001,3.200000e+001,4.970014e+001,4.504223e+001,-1.770014e+001
3.810000e+001,4.100000e+001,4.955896e+001,4.499094e+001,-8.558959e+000
3.812000e+001,4.400000e+001,4.942043e+001,4.493960e+001,-5.420428e+000
3.814000e+001,4.100000e+001,4.928444e+001,4.488821e+001,-8.284441e+000
3.816000e+001,5.600000e+001,4.915089e+001,4.483677e+001,6.849108e+000
3.818000e+001,4.000000e+001,4.901968e+001,4.478527e+001,-9.019683e+000
3.820000e+001,4.100000e+001,4.889072e+001,4.473372e+001,-7.890720e+000
3.822000e+001,5.100000e+001,4.876391e+001,4.468213e+001,2.236085e+000
3.824000e+001,4.400000e+001,4.863918e+001,4.463048e+001,-4.639182e+000
3.826000e+001,4.100000e+001,4.851644e+001,4.457879e+001,-7.516441e+000
3.828000e+001,4.900000e+001,4.839562e+001,4.452705e+001,6.043835e-001
3.830000e+001,4.800000e+001,4.827664e+001,4.447527e+001,-2.766352e-001
3.832000e+001,4.200000e+001,4.815943e+001,4.442344e+001,-6.159428e+000
3.834000e+001,4.000000e+001,4.804393e+001,4.437157e+001,-8.043930e+000
3.836000e+001,4.600000e+001,4.793008e+001,4.431966e+001,-1.930078e+000
3.838000e+001,4.700000e+001,4.781781e+001,4.426770e+001,-8.178126e-001
3.840000e+001,5.100000e+001,4.770708e+001,4.421571e+001,3.292923e+000
3.842000e+001,5.200000e+001,4.759782e+001,4.416368e+001,4.402183e+000
3.844000e+001,4.200000e+001,4.748998e+001,4.411160e+001,-5.489981e+000
3.846000e+001,3.900000e+001,4.738352e+001,4.405950e+001,-8.383520e+000
3.848000e+001,4.400000e+001,4.727839e+001,4.400735e+001,-3.278387e+000
3.850000e+001,4.400000e+001,4.717454e+001,4.395517e+001,-3.174538e+000
3.852000e+001,4.500000e+001,4.707193e+001,4.390296e+001,-2.071929e+000
3.854000e+001,3.400000e+001,4.697052e+001,4.385072e+001,-1.297052e+001
3.856000e+001,3.200000e+001,4.687027e+001,4.379844e+001,-1.487027e+001
3.858000e+001,3.900000e+001,4.677115e+001,4.374613e+001,-7.771148e+000
3.860000e+001,4.600000e+001,4.667311e+001,4.369379e+001,-6.731133e-001
3.862000e+001,4.800000e+001,4.657613e+001,4.364143e+001,1.423866e+000
3.864000e+001,3.500000e+001,4.648018e+001,4.358903e+001,-1.148018e+001
3.866000e+001,4.600000e+001,4.638521e+001,4.353661e+001,-3.852146e-001
3.868000e+001,4.200000e+001,4.629122e+001,4.348417e+001,-4.291215e+000
3.870000e+001,3.200000e+001,4.619815e+001,4.343170e+001,-1.419815e+001
3.872000e+001,3.600000e+001,4.610600e+001,4.337920e+001,-1.010600e+001
3.874000e+001,4.300000e+001,4.601474e+001,4.332669e+001,-3.014735e+000
3.876000e+001,4.600000e+001,4.592433e+001,4.327415e+001,7.566789e-002
3.878000e+001,3.500000e+001,4.583477e+001,4.322159e+001,-1.083477e+001
3.880000e+001,4.900000e+001,4.574603e+001,4.316901e+001,3.253971e+000
3.882000e+001,4.000000e+001,4.565809e+001,4.311642e+001,-5.658090e+000
3.884000e+001,3.200000e+001,4.557093e+001,4.306381e+001,-1.357093e+001
3.886000e+001,3.000000e+001,4.548455e+001,4.301118e+001,-1.548455e+001
3.888000e+001,3.500000e+001,4.539891e+001,4.295854e+001,-1.039891e+001
3.890000e+001,4.200000e+001,4.531402e+001,4.290588e+001,-3.314018e+000
3.892000e+001,3.300000e+001,4.522985e+001,4.285321e+001,-1.222985e+001
3.894000e+001,4.200000e+001,4.514640e+001,4.280052e+001,-3.146403e+000
3.896000e+001,5.000000e+001,4.506366e+001,4.274783e+001,4.936337e+000
3.898000e+001,4.700000e+001,4.498163e+001,4.269513e+001,2.018375e+000
3.900000e+001,3.800000e+001,4.490028e+001,4.264242e+001,-6.900284e+000
3.902000e+001,3.000000e+001,4.481964e+001,4.258970e+001,-1.481964e+001
3.904000e+001,4.600000e+001,4.473968e+001,4.253697e+001,1.260319e+000
3.906000e+001,4.000000e+001,4.466042e+001,4.248424e+001,-4.660417e+000
3.908000e+001,4.400000e+001,4.458185e+001,4.243150e+001,-5.818481e-001
3.910000e+001,3.600000e+001,4.450398e+001,4.237876e+001,-8.503979e+000
3.912000e+001,3.400000e+001,4.442682e+001,4.232601e+001,-1.042682e+001
3.914000e+001,4.700000e+001,4.435037e+001,4.227327e+001,2.649627e+000
3.916000e+001,3.300000e+001,4.427466e+001,4.222052e+001,-1.127466e+001
3.918000e+001,3.000000e+001,4.419969e+001,4.216778e+001,-1.419969e+001
3.920000e+001,5.200000e+001,4.412548e+001,4.211504e+001,7.874517e+000
3.922000e+001,4.000000e+001,4.405206e+001,4.206229e+001,-4.052063e+000
3.924000e+001,3.600000e+001,4.397945e+001,4.200956e+001,-7.979453e+000
3.926000e+001,4.100000e+001,4.390768e+001,4.195682e+001,-2.907684e+000
3.928000e+001,5.400000e+001,4.383679e+001,4.190410e+001,1.016321e+001
3.930000e+001,4.200000e+001,4.376680e+001,4.185138e+001,-1.766800e+000
3.932000e+001,4.200000e+001,4.369776e+001,4.179867e+001,-1.697765e+000
3.934000e+001,4.700000e+001,4.362973e+001,4.174596e+001,3.370274e+000
3.936000e+001,4.500000e+001,4.356274e+001,4.169327e+001,1.437264e+000
3.938000e+001,3.700000e+001,4.349685e+001,4.164059e+001,-6.496851e+000
3.940000e+001,3.200000e+001,4.343213e+001,4.158791e+001,-1.143213e+001
3.942000e+001,4.500000e+001,4.336865e+001,4.153526e+001,1.631354e+000
3.944000e+001,4.300000e+001,4.330647e+001,4.148261e+001,-3.064676e-001
3.946000e+001,3.900000e+001,4.324568e+001,4.142998e+001,-4.245676e+000
3.948000e+001,4.400000e+001,4.318636e+001,4.137737e+001,8.136428e-001
3.950000e+001,4.700000e+001,4.312860e+001,4.132478e+001,3.871395e+000
3.952000e+001,3.900000e+001,4.307252e+001,4.127220e+001,-4.072519e+000
3.954000e+001,5.100000e+001,4.301821e+001,4.121964e+001,7.981793e+000
3.956000e+001,3.400000e+001,4.296578e+001,4.116710e+001,-8.965784e+000
3.958000e+001,3.400000e+001,4.291537e+001,4.111459e+001,-8.915374e+000
3.960000e+001,4.200000e+001,4.286711e+001,4.106209e+001,-8.671081e-001
3.962000e+001,4.400000e+001,4.224582e+001,4.100962e+001,1.754184e+000
3.964000e+001,4.600000e+001,4.220911e+001,4.095717e+001,3.790892e+000
3.966000e+001,5.200000e+001,4.217486e+001,4.090475e+001,9.825135e+000
3.968000e+001,4.100000e+001,4.214326e+001,4.085236e+001,-1.143255e+000
3.970000e+001,3.700000e+001,4.211445e+001,4.079999e+001,-5.114455e+000
3.972000e+001,4.600000e+001,4.180383e+001,4.074765e+001,4.196171e+000
3.974000e+001,4.200000e+001,4.178459e+001,4.069535e+001,2.154078e-001
3.976000e+001,4.400000e+001,4.176868e+001,4.064307e+001,2.231316e+000
3.978000e+001,3.700000e+001,4.175632e+001,4.059082e+001,-4.756316e+000
3.980000e+001,4.400000e+001,4.174771e+001,4.053861e+001,2.252292e+000
3.982000e+001,5.700000e+001,4.174308e+001,4.048643e+001,1.525692e+001
3.984000e+001,4.800000e+001,4.174268e+001,4.043428e+001,6.257318e+000
3.986000e+001,5.400000e+001,4.174674e+001,4.038218e+001,1.225326e+001
3.988000e+001,4.800000e+001,4.175550e+001,4.033010e+001,6.244495e+000
3.990000e+001,3.600000e+001,4.176923e+001,4.027807e+001,-5.769231e+000
3.992000e+001,4.800000e+001,4.178817e+001,4.022607e+001,6.211826e+000
3.994000e+001,3.800000e+001,4.181260e+001,4.017412e+001,-3.812597e+000
3.996000e+001,4.700000e+001,4.184276e+001,4.012220e+001,5.157236e+000
3.998000e+001,4.700000e+001,4.187894e+001,4.007033e+001,5.121058e+000
4.000000e+001,4.700000e+001,4.192140e+001,4.001850e+001,5.078600e+000
4.002000e+001,4.300000e+001,4.197041e+001,3.996672e+001,1.029594e+000
4.004000e+001,4.200000e+001,4.202623e+001,3.991498e+001,-2.622520e-002
4.006000e+001,5.500000e+001,4.208912e+001,3.986329e+001,1.291088e+001
4.008000e+001,4.200000e+001,4.215936e+001,3.981164e+001,-1.593588e-001
4.010000e+001,5.000000e+001,4.223719e+001,3.976004e+001,7.762814e+000
4.012000e+001,3.500000e+001,4.232285e+001,3.970850e+001,-7.322852e+000
4.014000e+001,3.800000e+001,4.241659e+001,3.965700e+001,-4.416593e+000
4.016000e+001,4.300000e+001,4.251864e+001,3.960555e+001,4.813647e-001
4.018000e+001,5.000000e+001,4.262919e+001,3.955416e+001,7.370808e+000
4.020000e+001,4.100000e+001,4.274846e+001,3.950282e+001,-1.748463e+000
4.022000e+001,4.500000e+001,4.287663e+001,3.945153e+001,2.123372e+000
4.024000e+001,4.000000e+001,4.301385e+001,3.940030e+001,-3.013850e+000
4.026000e+001,5.600000e+001,4.316027e+001,3.934913e+001,1.283973e+001
4.028000e+001,4.000000e+001,4.331601e+001,3.929802e+001,-3.316010e+000
4.030000e+001,4.500000e+001,4.348116e+001,3.924696e+001,1.518840e+000
4.032000e+001,3.000000e+001,4.365579e+001,3.919596e+001,-1.365579e+001
4.034000e+001,5.700000e+001,4.383993e+001,3.914503e+001,1.316007e+001
4.036000e+001,5.400000e+001,4.403360e+001,3.909415e+001,9.966403e+000
4.038000e+001,4.600000e+001,4.423676e+001,3.904334e+001,1.763243e+000
4.040000e+001,4.700000e+001,4.444935e+001,3.899259e+001,2.550651e+000
4.042000e+001,5.600000e+001,4.467128e+001,3.894191e+001,1.132872e+001
4.044000e+001,5.800000e+001,4.490240e+001,3.889129e+001,1.309760e+001
4.046000e+001,4.800000e+001,4.514255e+001,3.884074e+001,2.857452e+000
4.048000e+001,5.200000e+001,4.539150e+001,3.879026e+001,6.608502e+000
4.050000e+001,6.100000e+001,4.564899e+001,3.873985e+001,1.535101e+001
4.052000e+001,5.400000e+001,4.591473e+001,3.868951e+001,8.085272e+000
4.054000e+001,5.600000e+001,4.618836e+001,3.863924e+001,9.811642e+000
4.056000e+001,4.500000e+001,4.646949e+001,3.858904e+001,-1.469490e+000
4.058000e+001,5.100000e+001,4.675769e+001,3.853892e+001,4.242311e+000
4.060000e+001,5.600000e+001,4.705247e+001,3.848887e+001,8.947528e+000
4.062000e+001,4.100000e+001,4.735331e+001,3.843889e+001,-6.353314e+000
4.064000e+001,3.900000e+001,4.765965e+001,3.838899e+001,-8.659646e+000
4.066000e+001,5.300000e+001,4.797085e+001,3.833918e+001,5.029146e+000
4.068000e+001,4.600000e+001,4.828629e+001,3.828945e+001,-2.286285e+000
4.070000e+001,5.700000e+001,4.860524e+001,3.823980e+001,8.394758e+000
4.072000e+001,5.000000e+001,4.892699e+001,3.819025e+001,1.073011e+000
4.074000e+001,4.300000e+001,4.925075e+001,3.814079e+001,-6.250752e+000
4.076000e+001,4.000000e+001,4.957572e+001,3.809142e+001,-9.575722e+000
4.078000e+001,5.300000e+001,4.990106e+001,3.804216e+001,3.098944e+000
4.080000e+001,5.300000e+001,5.022588e+001,3.799299e+001,2.774119e+000
4.082000e+001,6.100000e+001,5.054930e+001,3.794393e+001,1.045070e+001
4.084000e+001,5.000000e+001,5.087038e+001,3.789498e+001,-8.703795e-001
4.086000e+001,4.900000e+001,5.118818e+001,3.784613e+001,-2.188183e+000
4.088000e+001,6.900000e+001,5.150175e+001,3.779740e+001,1.749825e+001
4.090000e+001,5.500000e+001,5.181009e+001,3.774879e+001,3.189905e+000
4.092000e+001,6.200000e+001,5.211224e+001,3.770030e+001,9.887756e+000
4.094000e+001,4.600000e+001,5.240721e+001,3.765193e+001,-6.407208e+000
4.096000e+001,5.100000e+001,5.269400e+001,3.760368e+001,-1.693997e+000
4.098000e+001,4.800000e+001,5.297163e+001,3.755556e+001,-4.971630e+000
4.100000e+001,4.500000e+001,5.323913e+001,3.750757e+001,-8.239133e+000
4.102000e+001,5.600000e+001,5.349555e+001,3.745972e+001,2.504454e+000
4.104000e+001,7.800000e+001,5.373993e+001,3.741200e+001,2.426007e+001
4.106000e+001,5.900000e+001,5.397137e+001,3.736442e+001,5.028634e+000
4.108000e+001,4.600000e+001,5.418897e+001,3.731698e+001,-8.188968e+000
4.110000e+001,5.400000e+001,5.439188e+001,3.726969e+001,-3.918808e-001
4.112000e+001,6.100000e+001,5.457929e+001,3.722255e+001,6.420714e+000
4.114000e+001,6.800000e+001,5.475041e+001,3.717556e+001,1.324959e+001
4.116000e+001,5.800000e+001,5.490452e+001,3.712872e+001,3.095476e+000
4.118000e+001,5.300000e+001,5.504095e+001,3.708204e+001,-2.040950e+000
4.120000e+001,5.200000e+001,5.515906e+001,3.703552e+001,-3.159064e+000
4.122000e+001,6.500000e+001,5.525830e+001,3.698916e+001,9.741698e+000
4.124000e+001,4.800000e+001,5.533816e+001,3.694297e+001,-7.338160e+000
4.126000e+001,6.100000e+001,5.539820e+001,3.689695e+001,5.601802e+000
4.128000e+001,5.300000e+001,5.543805e+001,3.685110e+001,-2.438045e+000
4.130000e+001,6.300000e+001,5.545740e+001,3.680542e+001,7.542603e+000
4.132000e+001,6.400000e+001,5.545602e+001,3.675992e+001,8.543981e+000
4.134000e+001,5.800000e+001,5.543305e+001,3.671460e+001,2.566945e+000
4.136000e+001,5.800000e+001,5.538794e+001,3.666947e+001,2.612055e+000
4.138000e+001,5.900000e+001,5.532077e+001,3.662452e+001,3.679231e+000
4.140000e+001,6.400000e+001,5.523174e+001,3.657976e+001,8.768265e+000
4.142000e+001,4.700000e+001,5.512118e+001,3.653519e+001,-8.121178e+000
4.144000e+001,7.200000e+001,5.498940e+001,3.649082e+001,1.701060e+001
4.146000e+001,5.200000e+001,5.483653e+001,3.644664e+001,-2.836534e+000
4.148000e+001,6.600000e+001,5.466326e+001,3.640267e+001,1.133674e+001
4.150000e+001,6.700000e+001,5.447037e+001,3.635890e+001,1.252963e+001
4.152000e+001,6.900000e+001,5.425880e+001,3.631533e+001,1.474120e+001
4.154000e+001,5.200000e+001,5.402954e+001,3.627198e+001,-2.029536e+000
4.156000e+001,6.300000e+001,5.378366e+001,3.622884e+001,9.216340e+000
4.158000e+001,4.700000e+001,5.352231e+001,3.618591e+001,-6.522306e+000
4.160000e+001,4.400000e+001,5.324665e+001,3.614320e+001,-9.246651e+000
4.162000e+001,6.200000e+001,5.295790e+001,3.610071e+001,9.042096e+000
4.164000e+001,4.800000e+001,5.265728e+001,3.605845e+001,-4.657284e+000
4.166000e+001,6.100000e+001,5.234601e+001,3.601641e+001,8.653986e+000
4.168000e+001,5.200000e+001,5.202531e+001,3.597461e+001,-2.530621e-002
4.170000e+001,5.500000e+001,5.169635e+001,3.593303e+001,3.303649e+000
4.172000e+001,5.700000e+001,5.136031e+001,3.589169e+001,5.639691e+000
4.174000e+001,5.100000e+001,5.101830e+001,3.585060e+001,-1.830380e-002
4.176000e+001,3.900000e+001,5.067141e+001,3.580974e+001,-1.167141e+001
4.178000e+001,5.100000e+001,5.032067e+001,3.576912e+001,6.793347e-001
4.180000e+001,5.900000e+001,4.996704e+001,3.572876e+001,9.032962e+000
4.182000e+001,4.600000e+001,4.961145e+001,3.568864e+001,-3.611451e+000
4.184000e+001,5.800000e+001,4.925477e+001,3.564878e+001,8.745231e+000
4.186000e+001,4.500000e+001,4.889780e+001,3.560918e+001,-3.897798e+000
4.188000e+001,5.200000e+001,4.854129e+001,3.556983e+001,3.458714e+000
4.190000e+001,5.700000e+001,4.818593e+001,3.553074e+001,8.814074e+000
4.192000e+001,4.100000e+001,4.783235e+001,3.549192e+001,-6.832355e+000
4.194000e+001,5.500000e+001,4.748115e+001,3.545337e+001,7.518845e+000
4.196000e+001,5.500000e+001,4.713286e+001,3.541509e+001,7.867140e+000
4.198000e+001,5.000000e+001,4.678795e+001,3.537708e+001,3.212049e+000
4.200000e+001,4.900000e+001,4.644687e+001,3.533935e+001,2.553134e+000
4.202000e+001,4.400000e+001,4.611000e+001,3.530190e+001,-2.109998e+000
4.204000e+001,4.600000e+001,4.577770e+001,3.526473e+001,2.223041e-001
4.206000e+001,4.800000e+001,4.545027e+001,3.522785e+001,2.549727e+000
4.208000e+001,4.000000e+001,4.512801e+001,3.519125e+001,-5.128005e+000
4.210000e+001,4.400000e+001,4.481113e+001,3.515495e+001,-8.111343e-001
4.212000e+001,4.200000e+001,4.449987e+001,3.511894e+001,-2.499870e+000
4.214000e+001,4.400000e+001,4.419439e+001,3.508322e+001,-1.943936e-001
4.216000e+001,5.200000e+001,4.389486e+001,3.504781e+001,8.105142e+000
4.218000e+001,5.000000e+001,4.360139e+001,3.501270e+001,6.398607e+000
4.220000e+001,4.400000e+001,4.331410e+001,3.497790e+001,6.858988e-001
4.222000e+001,4.000000e+001,4.303307e+001,3.494340e+001,-3.033067e+000
4.224000e+001,5.200000e+001,4.275835e+001,3.490922e+001,9.241646e+000
4.226000e+001,4.000000e+001,4.249001e+001,3.487535e+001,-2.490006e+000
4.228000e+001,4.400000e+001,4.222805e+001,3.484179e+001,1.771950e+000
4.230000e+001,3.700000e+001,4.197250e+001,3.480856e+001,-4.972498e+000
4.232000e+001,4.400000e+001,4.172335e+001,3.477565e+001,2.276653e+000
4.234000e+001,4.000000e+001,4.148058e+001,3.474307e+001,-1.480580e+000
4.236000e+001,3.700000e+001,4.124417e+001,3.471081e+001,-4.244168e+000
4.238000e+001,4.800000e+001,4.101407e+001,3.467889e+001,6.985930e+000
4.240000e+001,4.300000e+001,4.079024e+001,3.464731e+001,2.209763e+000
4.242000e+001,5.600000e+001,4.057261e+001,3.461606e+001,1.542739e+001
4.244000e+001,3.500000e+001,4.036111e+001,3.458515e+001,-5.361110e+000
4.246000e+001,3.500000e+001,4.015567e+001,3.455458e+001,-5.155671e+000
4.248000e+001,5.300000e+001,3.995620e+001,3.452437e+001,1.304380e+001
4.250000e+001,4.200000e+001,3.976262e+001,3.449450e+001,2.237382e+000
4.252000e+001,3.700000e+001,3.957482e+001,3.446498e+001,-2.574816e+000
4.254000e+001,3.800000e+001,3.939270e+001,3.443582e+001,-1.392697e+000
4.256000e+001,4.300000e+001,3.921615e+001,3.440702e+001,3.783848e+000
4.258000e+001,4.000000e+001,3.904507e+001,3.437858e+001,9.549271e-001
4.260000e+001,4.500000e+001,3.887934e+001,3.435050e+001,6.120656e+000
4.262000e+001,3.500000e+001,3.871885e+001,3.432279e+001,-3.718848e+000
4.264000e+001,4.600000e+001,3.856346e+001,3.429545e+001,7.436535e+000
4.266000e+001,3.700000e+001,3.841307e+001,3.426848e+001,-1.413074e+000
4.268000e+001,5.100000e+001,3.826755e+001,3.424189e+001,1.273245e+001
4.270000e+001,3.900000e+001,3.812677e+001,3.421567e+001,8.732280e-001
4.272000e+001,3.600000e+001,3.799061e+001,3.418984e+001,-1.990612e+000
4.274000e+001,5.800000e+001,3.785895e+001,3.416439e+001,2.014105e+001
4.276000e+001,3.700000e+001,3.773165e+001,3.413933e+001,-7.316476e-001
4.278000e+001,4.000000e+001,3.760859e+001,3.411466e+001,2.391407e+000
4.280000e+001,4.300000e+001,3.748966e+001,3.409039e+001,5.510343e+000
4.282000e+001,3.600000e+001,3.737472e+001,3.406651e+001,-1.374717e+000
4.284000e+001,3.900000e+001,3.726365e+001,3.404303e+001,1.736350e+000
4.286000e+001,3.900000e+001,3.715634e+001,3.401995e+001,1.843663e+000
4.288000e+001,4.300000e+001,3.705266e+001,3.399727e+001,5.947342e+000
4.290000e+001,4.600000e+001,3.695250e+001,3.397501e+001,9.047503e+000
4.292000e+001,3.000000e+001,3.685574e+001,3.395315e+001,-6.855740e+000
4.294000e+001,3.900000e+001,3.676227e+001,3.393171e+001,2.237727e+000
4.296000e+001,4.400000e+001,3.667199e+001,3.391068e+001,7.328012e+000
4.298000e+001,4.100000e+001,3.658478e+001,3.389007e+001,4.415223e+000
4.300000e+001,4.100000e+001,3.650054e+001,3.386989e+001,4.499465e+000
4.302000e+001,3.600000e+001,3.641916e+001,3.385013e+001,-4.191620e-001
4.304000e+001,3.400000e+001,3.634056e+001,3.383080e+001,-2.340558e+000
4.306000e+001,4.400000e+001,3.626463e+001,3.381190e+001,7.735372e+000
4.308000e+001,4.400000e+001,3.619128e+001,3.379344e+001,7.808720e+000
4.310000e+001,4.000000e+001,3.612042e+001,3.377541e+001,3.879577e+000
4.312000e+001,4.100000e+001,3.605197e+001,3.375782e+001,4.948028e+000
4.314000e+001,4.900000e+001,3.598584e+001,3.374067e+001,1.301416e+001
4.316000e+001,4.000000e+001,3.592195e+001,3.372397e+001,4.078046e+000
4.318000e+001,3.400000e+001,3.586023e+001,3.370772e+001,-1.860230e+000
4.320000e+001,2.700000e+001,3.580060e+001,3.369192e+001,-8.800597e+000
4.322000e+001,4.300000e+001,3.574298e+001,3.367658e+001,7.257016e+000
4.324000e+001,3.700000e+001,3.568732e+001,3.366169e+001,1.312679e+000
4.326000e+001,3.200000e+001,3.563355e+001,3.364726e+001,-3.633545e+000
4.328000e+001,3.200000e+001,3.558159e+001,3.363330e+001,-3.581593e+000
4.330000e+001,4.300000e+001,3.553141e+001,3.361980e+001,7.468595e+000
4.332000e+001,4.000000e+001,3.548293e+001,3.360677e+001,4.517074e+000
4.334000e+001,4.900000e+001,3.543610e+001,3.359421e+001,1.356390e+001
4.336000e+001,4.500000e+001,3.539088e+001,3.358213e+001,9.609122e+000
4.338000e+001,3.700000e+001,3.534721e+001,3.357053e+001,1.652791e+000
4.340000e+001,4.100000e+001,3.530505e+001,3.355940e+001,5.694952e+000
4.342000e+001,3.800000e+001,3.526435e+001,3.354876e+001,2.735649e+000
4.344000e+001,3.900000e+001,3.522508e+001,3.353861e+001,3.774924e+000
4.346000e+001,4.100000e+001,3.518718e+001,3.352894e+001,5.812816e+000
4.348000e+001,3.500000e+001,3.515064e+001,3.351977e+001,-1.506368e-001
4.350000e+001,3.800000e+001,3.511540e+001,3.351109e+001,2.884600e+000
4.352000e+001,2.900000e+001,3.508144e+001,3.350292e+001,-6.081441e+000
4.354000e+001,3.200000e+001,3.504873e+001,3.349524e+001,-3.048727e+000
4.356000e+001,4.600000e+001,3.501723e+001,3.348807e+001,1.098277e+001
4.358000e+001,3.500000e+001,3.498692e+001,3.348140e+001,1.308143e-002
4.360000e+001,3.400000e+001,3.495777e+001,3.347524e+001,-9.577702e-001
4.362000e+001,4.500000e+001,3.492976e+001,3.346960e+001,1.007024e+001
4.364000e+001,3.700000e+001,3.490286e+001,3.346447e+001,2.097139e+000
4.366000e+001,3.800000e+001,3.487705e+001,3.345986e+001,3.122945e+000
4.368000e+001,4.400000e+001,3.485232e+001,3.345577e+001,9.147680e+000
4.370000e+001,2.900000e+001,3.482864e+001,3.345221e+001,-5.828637e+000
4.372000e+001,4.400000e+001,3.480599e+001,3.344917e+001,9.194012e+000
4.374000e+001,2.400000e+001,3.478436e+001,3.344667e+001,-1.078436e+001
4.376000e+001,4.200000e+001,3.476372e+001,3.344469e+001,7.236275e+000
4.378000e+001,3.700000e+001,3.474408e+001,3.344326e+001,2.255921e+000
4.380000e+001,4.400000e+001,3.472541e+001,3.344236e+001,9.274594e+000
4.382000e+001,2.000000e+001,3.470769e+001,3.344200e+001,-1.470769e+001
4.384000e+001,2.800000e+001,3.469092e+001,3.344219e+001,-6.690924e+000
4.386000e+001,4.800000e+001,3.467509e+001,3.344293e+001,1.332491e+001
4.388000e+001,3.400000e+001,3.466018e+001,3.344422e+001,-6.601825e-001
4.390000e+001,3.200000e+001,3.464619e+001,3.344606e+001,-2.646189e+000
4.392000e+001,4.100000e+001,3.463310e+001,3.344845e+001,6.366900e+000
4.394000e+001,3.200000e+001,3.462091e+001,3.345141e+001,-2.620907e+000
4.396000e+001,5.100000e+001,3.460960e+001,3.345493e+001,1.639040e+001
4.398000e+001,3.500000e+001,3.459918e+001,3.345902e+001,4.008216e-001
4.400000e+001,4.400000e+001,3.458963e+001,3.346367e+001,9.410372e+000
4.402000e+001,3.300000e+001,3.458094e+001,3.346889e+001,-1.580944e+000
4.404000e+001,3.100000e+001,3.457312e+001,3.347469e+001,-3.573120e+000
4.406000e+001,2.900000e+001,3.456615e+001,3.348107e+001,-5.566151e+000
4.408000e+001,3.000000e+001,3.456003e+001,3.348802e+001,-4.560032e+000
4.410000e+001,3.300000e+001,3.455476e+001,3.349556e+001,-1.554757e+000
4.412000e+001,3.800000e+001,3.455032e+001,3.350368e+001,3.449678e+000
4.414000e+001,4.000000e+001,3.454672e+001,3.351239e+001,5.453278e+000
4.416000e+001,3.800000e+001,3.454395e+001,3.352169e+001,3.456046e+000
4.418000e+001,3.000000e+001,3.454201e+001,3.353159e+001,-4.542014e+000
4.420000e+001,2.800000e+001,3.454090e+001,3.354209e+001,-6.540898e+000
4.422000e+001,2.400000e+001,3.454060e+001,3.355318e+001,-1.054060e+001
4.424000e+001,3.300000e+001,3.454113e+001,3.356488e+001,-1.541126e+000
4.426000e+001,3.500000e+001,3.454246e+001,3.357719e+001,4.575350e-001
4.428000e+001,2.800000e+001,3.454462e+001,3.359010e+001,-6.544617e+000
4.430000e+001,3.600000e+001,3.454758e+001,3.360362e+001,1.452420e+000
4.432000e+001,3.000000e+001,3.455135e+001,3.361776e+001,-4.551351e+000
4.434000e+001,3.800000e+001,3.455593e+001,3.363252e+001,3.444070e+000
4.436000e+001,3.600000e+001,3.456131e+001,3.364790e+001,1.438687e+000
4.438000e+001,3.700000e+001,3.456750e+001,3.366390e+001,2.432500e+000
4.440000e+001,2.600000e+001,3.457449e+001,3.368053e+001,-8.574489e+000
4.442000e+001,4.400000e+001,3.458228e+001,3.369779e+001,9.417720e+000
4.444000e+001,2.800000e+001,3.459087e+001,3.371568e+001,-6.590870e+000
4.446000e+001,3.700000e+001,3.460026e+001,3.373420e+001,2.399741e+000
4.448000e+001,3.800000e+001,3.461045e+001,3.375337e+001,3.389554e+000
4.450000e+001,4.100000e+001,3.462143e+001,3.377317e+001,6.378569e+000
4.452000e+001,3.700000e+001,3.463321e+001,3.379362e+001,2.366788e+000
4.454000e+001,3.200000e+001,3.464579e+001,3.381472e+001,-2.645789e+000
4.456000e+001,3.800000e+001,3.465916e+001,3.383646e+001,3.340837e+000
4.458000e+001,4.800000e+001,3.467333e+001,3.385886e+001,1.332667e+001
4.460000e+001,3.000000e+001,3.468830e+001,3.388191e+001,-4.688297e+000
4.462000e+001,3.400000e+001,3.470406e+001,3.390563e+001,-7.040569e-001
4.464000e+001,3.100000e+001,3.472061e+001,3.393000e+001,-3.720613e+000
4.466000e+001,3.900000e+001,3.473796e+001,3.395504e+001,4.262036e+000
4.468000e+001,4.100000e+001,3.475611e+001,3.398074e+001,6.243889e+000
4.470000e+001,2.700000e+001,3.477505e+001,3.400712e+001,-7.775054e+000
4.472000e+001,3.300000e+001,3.479479e+001,3.403417e+001,-1.794793e+000
4.474000e+001,2.400000e+001,3.481533e+001,3.406189e+001,-1.081533e+001
4.476000e+001,4.300000e+001,3.483666e+001,3.409030e+001,8.163337e+000
4.478000e+001,3.200000e+001,3.485879e+001,3.411938e+001,-2.858794e+000
4.480000e+001,3.100000e+001,3.488172e+001,3.414916e+001,-3.881724e+000
4.482000e+001,3.600000e+001,3.490545e+001,3.417961e+001,1.094546e+000
4.484000e+001,3.000000e+001,3.492998e+001,3.421076e+001,-4.929983e+000
4.486000e+001,4.800000e+001,3.495531e+001,3.424261e+001,1.304469e+001
4.488000e+001,3.300000e+001,3.498145e+001,3.427514e+001,-1.981446e+000
4.490000e+001,2.400000e+001,3.500838e+001,3.430838e+001,-1.100838e+001
4.492000e+001,3.900000e+001,3.503612e+001,3.434232e+001,3.963881e+000
4.494000e+001,3.500000e+001,3.506466e+001,3.437697e+001,-6.466270e-002
4.496000e+001,3.800000e+001,3.509401e+001,3.441232e+001,2.905988e+000
4.498000e+001,2.900000e+001,3.512417e+001,3.444839e+001,-6.124169e+000
4.500000e+001,3.200000e+001,3.515513e+001,3.448517e+001,-3.155134e+000
4.502000e+001,2.900000e+001,3.518691e+001,3.452266e+001,-6.186909e+000
4.504000e+001,3.200000e+001,3.521950e+001,3.456088e+001,-3.219495e+000
4.506000e+001,3.700000e+001,3.525289e+001,3.459982e+001,1.747106e+000
4.508000e+001,4.100000e+001,3.528711e+001,3.463948e+001,5.712894e+000
4.510000e+001,3.800000e+001,3.532213e+001,3.467988e+001,2.677866e+000
4.512000e+001,3.100000e+001,3.535798e+001,3.472100e+001,-4.357978e+000
4.514000e+001,3.900000e+001,3.539464e+001,3.476286e+001,3.605358e+000
4.516000e+001,3.800000e+001,3.543212e+001,3.480545e+001,2.567875e+000
4.518000e+001,3.600000e+001,3.547043e+001,3.484879e+001,5.295702e-001
4.520000e+001,4.400000e+001,3.550956e+001,3.489287e+001,8.490442e+000
4.522000e+001,3.100000e+001,3.554951e+001,3.493769e+001,-4.549512e+000
4.524000e+001,4.400000e+001,3.559029e+001,3.498327e+001,8.409707e+000
4.526000e+001,3.100000e+001,3.563190e+001,3.502959e+001,-4.631902e+000
4.528000e+001,3.700000e+001,3.567434e+001,3.507668e+001,1.325657e+000
4.530000e+001,3.900000e+001,3.571762e+001,3.512451e+001,3.282384e+000
4.532000e+001,5.200000e+001,3.576172e+001,3.517311e+001,1.623828e+001
4.534000e+001,4.300000e+001,3.580667e+001,3.522247e+001,7.193334e+000
4.536000e+001,4.200000e+001,3.585243e+001,3.527259e+001,6.147565e+000
4.538000e+001,3.200000e+001,3.589902e+001,3.532345e+001,-3.899021e+000
4.540000e+001,3.600000e+001,3.594641e+001,3.537505e+001,5.358640e-002
4.542000e+001,4.000000e+001,3.599460e+001,3.542737e+001,4.005396e+000
4.544000e+001,3.300000e+001,3.604358e+001,3.548042e+001,-3.043582e+000
4.546000e+001,4.100000e+001,3.609334e+001,3.553417e+001,4.906662e+000
4.548000e+001,3.000000e+001,3.614386e+001,3.558862e+001,-6.143862e+000
4.550000e+001,4.500000e+001,3.619515e+001,3.564377e+001,8.804855e+000
4.552000e+001,3.600000e+001,3.624718e+001,3.569959e+001,-2.471775e-001
4.554000e+001,4.300000e+001,3.629995e+001,3.575610e+001,6.700051e+000
4.556000e+001,4.200000e+001,3.635345e+001,3.581326e+001,5.646548e+000
4.558000e+001,2.600000e+001,3.640767e+001,3.587108e+001,-1.040767e+001
4.560000e+001,3.800000e+001,3.646261e+001,3.592955e+001,1.537391e+000
4.562000e+001,3.500000e+001,3.651825e+001,3.598865e+001,-1.518245e+000
4.564000e+001,3.400000e+001,3.657457e+001,3.604839e+001,-2.574575e+000
4.566000e+001,3.900000e+001,3.663159e+001,3.610874e+001,2.368412e+000
4.568000e+001,3.200000e+001,3.668927e+001,3.616970e+001,-4.689275e+000
4.570000e+001,3.900000e+001,3.674763e+001,3.623127e+001,2.252372e+000
4.572000e+001,4.600000e+001,3.680664e+001,3.629343e+001,9.193364e+000
4.574000e+001,3.600000e+001,3.686629e+001,3.635617e+001,-8.662923e-001
4.576000e+001,4.600000e+001,3.692659e+001,3.641948e+001,9.073414e+000
4.578000e+001,4.000000e+001,3.698751e+001,3.648337e+001,3.012490e+000
4.580000e+001,2.800000e+001,3.704905e+001,3.654780e+001,-9.049054e+000
4.582000e+001,3.400000e+001,3.711121e+001,3.661279e+001,-3.111209e+000
4.584000e+001,3.200000e+001,3.717397e+001,3.667831e+001,-5.173968e+000
4.586000e+001,3.700000e+001,3.723732e+001,3.674437e+001,-2.373207e-001
4.588000e+001,3.000000e+001,3.730126e+001,3.681094e+001,-7.301259e+000
4.590000e+001,3.400000e+001,3.736577e+001,3.687802e+001,-3.365775e+000
4.592000e+001,3.500000e+001,3.743086e+001,3.694561e+001,-2.430859e+000
4.594000e+001,2.900000e+001,3.749650e+001,3.701369e+001,-8.496504e+000
4.596000e+001,2.800000e+001,3.756270e+001,3.708226e+001,-9.562702e+000
4.598000e+001,2.600000e+001,3.762944e+001,3.715130e+001,-1.162944e+001
4.600000e+001,3.400000e+001,3.769672e+001,3.722081e+001,-3.696720e+000
4.602000e+001,3.800000e+001,3.776453e+001,3.729077e+001,2.354744e-001
4.604000e+001,4.800000e+001,3.783285e+001,3.736119e+001,1.016715e+001
4.606000e+001,4.200000e+001,3.790169e+001,3.743204e+001,4.098310e+000
4.608000e+001,3.900000e+001,3.797103e+001,3.750332e+001,1.028967e+000
4.610000e+001,3.600000e+001,3.804087e+001,3.757503e+001,-2.040874e+000
4.612000e+001,3.700000e+001,3.811120e+001,3.764715e+001,-1.111205e+000
4.614000e+001,4.000000e+001,3.818202e+001,3.771967e+001,1.817981e+000
4.616000e+001,4.600000e+001,3.825331e+001,3.779258e+001,7.746691e+000
4.618000e+001,5.100000e+001,3.832507e+001,3.786589e+001,1.267493e+001
4.620000e+001,3.100000e+001,3.839729e+001,3.793956e+001,-7.397292e+000
4.622000e+001,4.500000e+001,3.846997e+001,3.801361e+001,6.530029e+000
4.624000e+001,3.200000e+001,3.854310e+001,3.808801e+001,-6.543101e+000
4.626000e+001,4.400000e+001,3.861668e+001,3.816277e+001,5.383325e+000
4.628000e+001,3.600000e+001,3.869069e+001,3.823786e+001,-2.690689e+000
4.630000e+001,3.300000e+001,3.876514e+001,3.831328e+001,-5.765136e+000
4.632000e+001,3.500000e+001,3.884001e+001,3.838903e+001,-3.840013e+000
4.634000e+001,3.400000e+001,3.891532e+001,3.846509e+001,-4.915316e+000
4.636000e+001,3.500000e+001,3.899104e+001,3.854146e+001,-3.991040e+000
4.638000e+001,4.000000e+001,3.906718e+001,3.861812e+001,9.328157e-001
4.640000e+001,3.100000e+001,3.914375e+001,3.869507e+001,-8.143747e+000
4.642000e+001,4.200000e+001,3.922073e+001,3.877229e+001,2.779270e+000
4.644000e+001,4.600000e+001,3.929814e+001,3.884979e+001,6.701862e+000
4.646000e+001,3.800000e+001,3.937598e+001,3.892754e+001,-1.375977e+000
4.648000e+001,4.200000e+001,3.945426e+001,3.900554e+001,2.545736e+000
4.650000e+001,5.000000e+001,3.953302e+001,3.908379e+001,1.046698e+001
4.652000e+001,4.600000e+001,3.961229e+001,3.916227e+001,6.387714e+000
4.654000e+001,4.000000e+001,3.969212e+001,3.924097e+001,3.078848e-001
4.656000e+001,3.900000e+001,3.977259e+001,3.931988e+001,-7.725921e-001
4.658000e+001,3.800000e+001,3.985384e+001,3.939900e+001,-1.853841e+000
4.660000e+001,5.100000e+001,3.993604e+001,3.947832e+001,1.106396e+001
4.662000e+001,3.000000e+001,4.001945e+001,3.955782e+001,-1.001945e+001
4.664000e+001,4.800000e+001,4.010445e+001,3.963751e+001,7.895554e+000
4.666000e+001,4.600000e+001,4.019154e+001,3.971736e+001,5.808465e+000
4.668000e+001,3.700000e+001,4.028144e+001,3.979737e+001,-3.281444e+000
4.670000e+001,3.700000e+001,4.037517e+001,3.987754e+001,-3.375166e+000
4.672000e+001,4.900000e+001,4.047406e+001,3.995784e+001,8.525944e+000
4.674000e+001,5.600000e+001,4.057994e+001,4.003829e+001,1.542006e+001
4.676000e+001,4.200000e+001,4.069524e+001,4.011885e+001,1.304764e+000
4.678000e+001,4.700000e+001,4.082316e+001,4.019953e+001,6.176845e+000
4.680000e+001,3.700000e+001,4.096786e+001,4.028032e+001,-3.967860e+000
4.682000e+001,5.600000e+001,4.113471e+001,4.036120e+001,1.486529e+001
4.684000e+001,3.600000e+001,4.133050e+001,4.044217e+001,-5.330503e+000
4.686000e+001,3.300000e+001,4.156379e+001,4.052323e+001,-8.563791e+000
4.688000e+001,4.900000e+001,4.184515e+001,4.060435e+001,7.154848e+000
4.690000e+001,4.000000e+001,4.218752e+001,4.068553e+001,-2.187521e+000
4.692000e+001,4.700000e+001,4.260650e+001,4.076677e+001,4.393504e+000
4.694000e+001,5.100000e+001,4.312061e+001,4.084805e+001,7.879388e+000
4.696000e+001,4.500000e+001,4.375157e+001,4.092937e+001,1.248427e+000
4.698000e+001,5.700000e+001,4.452439e+001,4.101071e+001,1.247561e+001
4.700000e+001,5.400000e+001,4.546741e+001,4.109206e+001,8.532593e+000
4.702000e+001,5.100000e+001,4.661216e+001,4.117343e+001,4.387839e+000
4.704000e+001,4.000000e+001,4.799306e+001,4.125479e+001,-7.993061e+000
4.706000e+001,5.300000e+001,4.964683e+001,4.133614e+001,3.353174e+000
4.708000e+001,5.300000e+001,5.161167e+001,4.141747e+001,1.388326e+000
4.710000e+001,4.900000e+001,5.392623e+001,4.149878e+001,-4.926231e+000
4.712000e+001,5.400000e+001,5.662816e+001,4.158004e+001,-2.628157e+000
4.714000e+001,6.500000e+001,5.975250e+001,4.166126e+001,5.247495e+000
4.716000e+001,6.100000e+001,6.332985e+001,4.174242e+001,-2.329847e+000
4.718000e+001,7.700000e+001,6.738421e+001,4.182352e+001,9.615792e+000
4.720000e+001,7.200000e+001,7.193091e+001,4.190455e+001,6.908615e-002
4.722000e+001,9.400000e+001,7.697442e+001,4.198549e+001,1.702558e+001
4.724000e+001,9.300000e+001,8.250627e+001,4.206634e+001,1.049373e+001
4.726000e+001,7.700000e+001,8.850330e+001,4.214710e+001,-1.150330e+001
4.728000e+001,1.030000e+002,9.492620e+001,4.222774e+001,8.073795e+000
4.730000e+001,1.010000e+002,1.017187e+002,4.230826e+001,-7.186527e-001
4.732000e+001,9.900000e+001,1.088070e+002,4.238866e+001,-9.807017e+000
4.734000e+001,1.030000e+002,1.161008e+002,4.246891e+001,-1.310083e+001
4.736000e+001,1.270000e+002,1.234941e+002,4.254903e+001,3.505950e+000
4.738000e+001,1.340000e+002,1.308671e+002,4.262899e+001,3.132903e+000
4.740000e+001,1.350000e+002,1.380897e+002,4.270878e+001,-3.089735e+000
4.742000e+001,1.510000e+002,1.450246e+002,4.278840e+001,5.975359e+000
4.744000e+001,1.570000e+002,1.515316e+002,4.286785e+001,5.468388e+000
4.746000e+001,1.520000e+002,1.574722e+002,4.294710e+001,-5.472238e+000
4.748000e+001,1.610000e+002,1.627149e+002,4.302615e+001,-1.714861e+000
4.750000e+001,1.880000e+002,1.671396e+002,4.310499e+001,2.086042e+001
4.752000e+001,1.690000e+002,1.706430e+002,4.318361e+001,-1.643007e+000
4.754000e+001,2.090000e+002,1.731313e+002,4.326201e+001,3.586872e+001
4.756000e+001,1.950000e+002,1.743044e+002,4.334017e+001,2.069561e+001
4.758000e+001,1.760000e+002,1.740485e+002,4.341809e+001,1.951481e+000
4.760000e+001,1.660000e+002,1.723976e+002,4.349576e+001,-6.397581e+000
4.762000e+001,1.510000e+002,1.694314e+002,4.357316e+001,-1.843140e+001
4.764000e+001,1.840000e+002,1.652702e+002,4.365029e+001,1.872984e+001
4.766000e+001,1.730000e+002,1.600668e+002,4.372714e+001,1.293322e+001
4.768000e+001,1.590000e+002,1.539160e+002,4.380370e+001,5.084024e+000
4.770000e+001,1.560000e+002,1.469209e+002,4.387996e+001,9.079136e+000
4.772000e+001,1.520000e+002,1.392928e+002,4.395591e+001,1.270723e+001
4.774000e+001,1.140000e+002,1.312482e+002,4.403155e+001,-1.724824e+001
4.776000e+001,1.200000e+002,1.229992e+002,4.410686e+001,-2.999197e+000
4.778000e+001,1.130000e+002,1.147444e+002,4.418184e+001,-1.744413e+000
4.780000e+001,1.090000e+002,1.066624e+002,4.425647e+001,2.337643e+000
4.782000e+001,8.700000e+001,9.890594e+001,4.433075e+001,-1.190594e+001
4.784000e+001,8.600000e+001,9.159912e+001,4.440467e+001,-5.599125e+000
4.786000e+001,7.300000e+001,8.483552e+001,4.447822e+001,-1.183552e+001
4.788000e+001,8.000000e+001,7.867863e+001,4.455139e+001,1.321372e+000
4.790000e+001,7.700000e+001,7.316364e+001,4.462417e+001,3.836364e+000
4.792000e+001,7.300000e+001,6.830037e+001,4.469655e+001,4.699635e+000
4.794000e+001,6.600000e+001,6.402198e+001,4.476853e+001,1.978022e+000
4.796000e+001,6.600000e+001,6.040950e+001,4.484009e+001,5.590500e+000
4.798000e+001,6.800000e+001,5.736542e+001,4.491122e+001,1.063458e+001
4.800000e+001,5.700000e+001,5.483852e+001,4.498193e+001,2.161476e+000
4.802000e+001,6.000000e+001,5.277251e+001,4.505219e+001,7.227494e+000
4.804000e+001,7.300000e+001,5.108194e+001,4.512200e+001,2.191806e+001
4.806000e+001,4.900000e+001,4.976430e+001,4.519134e+001,-7.643050e-001
4.808000e+001,6.300000e+001,4.873791e+001,4.526022e+001,1.426209e+001
4.810000e+001,5.400000e+001,4.795283e+001,4.532862e+001,6.047170e+000
4.812000e+001,4.500000e+001,4.736443e+001,4.539653e+001,-2.364429e+000
4.814000e+001,5.900000e+001,4.693374e+001,4.546395e+001,1.206626e+001
4.816000e+001,5.100000e+001,4.662753e+001,4.553086e+001,4.372470e+000
4.818000e+001,6.300000e+001,4.641803e+001,4.559725e+001,1.658197e+001
4.820000e+001,4.800000e+001,4.628249e+001,4.566312e+001,1.717509e+000
4.822000e+001,4.100000e+001,4.620266e+001,4.572846e+001,-5.202656e+000
4.824000e+001,4.200000e+001,4.616410e+001,4.579326e+001,-4.164103e+000
4.826000e+001,4.800000e+001,4.615566e+001,4.585750e+001,1.844342e+000
4.828000e+001,4.700000e+001,4.616880e+001,4.592119e+001,8.311968e-001
4.830000e+001,5.100000e+001,4.619715e+001,4.598431e+001,4.802846e+000
4.832000e+001,3.400000e+001,4.623600e+001,4.604685e+001,-1.223600e+001
4.834000e+001,4.700000e+001,4.628193e+001,4.610880e+001,7.180679e-001
4.836000e+001,4.100000e+001,4.633250e+001,4.617016e+001,-5.332500e+000
4.838000e+001,4.900000e+001,4.638599e+001,4.623091e+001,2.614011e+000
4.840000e+001,4.100000e+001,4.644121e+001,4.629105e+001,-5.441205e+000
4.842000e+001,4.600000e+001,4.649733e+001,4.635057e+001,-4.973343e-001
4.844000e+001,3.900000e+001,4.655383e+001,4.640946e+001,-7.553827e+000
4.846000e+001,4.000000e+001,4.661032e+001,4.646770e+001,-6.610315e+000
4.848000e+001,4.300000e+001,4.666656e+001,4.652530e+001,-3.666559e+000
4.850000e+001,3.700000e+001,4.672240e+001,4.658224e+001,-9.722400e+000
4.852000e+001,3.800000e+001,4.677774e+001,4.663850e+001,-8.777736e+000
4.854000e+001,4.900000e+001,4.683250e+001,4.669410e+001,2.167500e+000
4.856000e+001,4.800000e+001,4.688665e+001,4.674900e+001,1.113353e+000
4.858000e+001,5.200000e+001,4.694015e+001,4.680322e+001,5.059851e+000
4.860000e+001,3.600000e+001,4.699298e+001,4.685672e+001,-1.099298e+001
4.862000e+001,4.200000e+001,4.704514e+001,4.690952e+001,-5.045141e+000
4.864000e+001,3.100000e+001,4.709661e+001,4.696160e+001,-1.609661e+001
4.866000e+001,4.300000e+001,4.714737e+001,4.701294e+001,-4.147371e+000
4.868000e+001,5.300000e+001,4.719743e+001,4.706354e+001,5.802570e+000
4.870000e+001,4.500000e+001,4.724678e+001,4.711340e+001,-2.246776e+000
4.872000e+001,3.700000e+001,4.729540e+001,4.716250e+001,-1.029540e+001
4.874000e+001,4.700000e+001,4.734331e+001,4.721083e+001,-3.433121e-001
4.876000e+001,4.000000e+001,4.739049e+001,4.725838e+001,-7.390495e+000
4.878000e+001,4.500000e+001,4.743695e+001,4.730515e+001,-2.436951e+000
4.880000e+001,4.000000e+001,4.748268e+001,4.735113e+001,-7.482679e+000
4.882000e+001,5.000000e+001,4.752768e+001,4.739631e+001,2.472322e+000
4.884000e+001,4.600000e+001,4.757195e+001,4.744067e+001,-1.571949e+000
4.886000e+001,4.000000e+001,4.761550e+001,4.748421e+001,-7.615495e+000
4.888000e+001,2.600000e+001,4.765832e+001,4.752692e+001,-2.165832e+001
4.890000e+001,5.800000e+001,4.770043e+001,4.756880e+001,1.029957e+001
4.892000e+001,4.900000e+001,4.774183e+001,4.760982e+001,1.258175e+000
4.894000e+001,4.100000e+001,4.778252e+001,4.764999e+001,-6.782522e+000
4.896000e+001,5.100000e+001,4.782253e+001,4.768930e+001,3.177470e+000
4.898000e+001,4.800000e+001,4.786186e+001,4.772773e+001,1.381390e-001
4.900000e+001,3.800000e+001,4.790053e+001,4.776527e+001,-9.900532e+000
4.902000e+001,4.200000e+001,4.793856e+001,4.780192e+001,-5.938560e+000
4.904000e+001,3.900000e+001,4.797597e+001,4.783768e+001,-8.975969e+000
4.906000e+001,4.000000e+001,4.801278e+001,4.787252e+001,-8.012782e+000
4.908000e+001,4.100000e+001,4.804903e+001,4.790644e+001,-7.049029e+000
4.910000e+001,3.100000e+001,4.808474e+001,4.793943e+001,-1.708474e+001
4.912000e+001,5.000000e+001,4.811996e+001,4.797148e+001,1.880044e+000
4.914000e+001,4.200000e+001,4.815471e+001,4.800259e+001,-6.154714e+000
4.916000e+001,4.000000e+001,4.818906e+001,4.803274e+001,-8.189060e+000
4.918000e+001,3.300000e+001,4.822305e+001,4.806193e+001,-1.522305e+001
4.920000e+001,3.600000e+001,4.825673e+001,4.809015e+001,-1.225673e+001
4.922000e+001,5.200000e+001,4.829017e+001,4.811738e+001,3.709834e+000
4.924000e+001,5.000000e+001,4.832343e+001,4.814362e+001,1.676570e+000
4.926000e+001,5.800000e+001,4.835659e+001,4.816886e+001,9.643408e+000
4.928000e+001,4.300000e+001,4.838973e+001,4.819308e+001,-5.389734e+000
4.930000e+001,4.200000e+001,4.842294e+001,4.821630e+001,-6.422942e+000
4.932000e+001,5.800000e+001,4.845631e+001,4.823848e+001,9.543687e+000
4.934000e+001,5.500000e+001,4.848995e+001,4.825962e+001,6.510054e+000
4.936000e+001,3.800000e+001,4.852395e+001,4.827972e+001,-1.052395e+001
4.938000e+001,5.200000e+001,4.855845e+001,4.829877e+001,3.441550e+000
4.940000e+001,4.700000e+001,4.859356e+001,4.831675e+001,-1.593563e+000
4.942000e+001,4.900000e+001,4.862943e+001,4.833366e+001,3.705747e-001
4.944000e+001,3.800000e+001,4.866618e+001,4.834949e+001,-1.066618e+001
4.946000e+001,3.700000e+001,4.870397e+001,4.836423e+001,-1.170397e+001
4.948000e+001,4.800000e+001,4.874296e+001,4.837786e+001,-7.429579e-001
4.950000e+001,5.500000e+001,4.878331e+001,4.839039e+001,6.216692e+000
4.952000e+001,4.700000e+001,4.882519e+001,4.840180e+001,-1.825193e+000
4.954000e+001,3.900000e+001,4.886879e+001,4.841209e+001,-9.868792e+000
4.956000e+001,4.600000e+001,4.891429e+001,4.842124e+001,-2.914291e+000
4.958000e+001,4.200000e+001,4.896188e+001,4.842924e+001,-6.961883e+000
4.960000e+001,5.200000e+001,4.901177e+001,4.843609e+001,2.988233e+000
4.962000e+001,4.000000e+001,4.906414e+001,4.844178e+001,-9.064145e+000
4.964000e+001,5.600000e+001,4.911922e+001,4.844629e+001,6.880775e+000
4.966000e+001,4.600000e+001,4.917722e+001,4.844963e+001,-3.177217e+000
4.968000e+001,5.800000e+001,4.923833e+001,4.845178e+001,8.761667e+000
4.970000e+001,6.000000e+001,4.930279e+001,4.845272e+001,1.069721e+001
4.972000e+001,4.200000e+001,4.937079e+001,4.845246e+001,-7.370789e+000
4.974000e+001,4.400000e+001,4.944255e+001,4.845098e+001,-5.442552e+000
4.976000e+001,5.400000e+001,4.951828e+001,4.844828e+001,4.481719e+000
4.978000e+001,5.600000e+001,4.959818e+001,4.844434e+001,6.401823e+000
4.980000e+001,4.700000e+001,4.968244e+001,4.843916e+001,-2.682436e+000
4.982000e+001,5.000000e+001,4.977124e+001,4.843273e+001,2.287587e-001
4.984000e+001,4.800000e+001,4.986477e+001,4.842503e+001,-1.864768e+000
4.986000e+001,5.100000e+001,4.996318e+001,4.841606e+001,1.036823e+000
4.988000e+001,6.800000e+001,5.006661e+001,4.840582e+001,1.793339e+001
4.990000e+001,6.400000e+001,5.017521e+001,4.839428e+001,1.382479e+001
4.992000e+001,5.000000e+001,5.028907e+001,4.838145e+001,-2.890674e-001
4.994000e+001,4.700000e+001,5.040828e+001,4.836731e+001,-3.408279e+000
4.996000e+001,4.800000e+001,5.053291e+001,4.835185e+001,-2.532905e+000
4.998000e+001,4.900000e+001,5.066298e+001,4.833507e+001,-1.662983e+000
5.000000e+001,6.200000e+001,5.079852e+001,4.831696e+001,1.120148e+001
5.002000e+001,6.400000e+001,5.093949e+001,4.829750e+001,1.306051e+001
5.004000e+001,4.600000e+001,5.108584e+001,4.827669e+001,-5.085843e+000
5.006000e+001,6.900000e+001,5.123749e+001,4.825453e+001,1.776251e+001
5.008000e+001,4.700000e+001,5.139432e+001,4.823102e+001,-4.394319e+000
5.010000e+001,4.200000e+001,5.155619e+001,4.820617e+001,-9.556190e+000
5.012000e+001,6.300000e+001,5.172292e+001,4.818000e+001,1.127708e+001
5.014000e+001,5.500000e+001,5.189429e+001,4.815251e+001,3.105713e+000
5.016000e+001,5.600000e+001,5.207002e+001,4.812374e+001,3.929975e+000
5.018000e+001,5.300000e+001,5.224983e+001,4.809367e+001,7.501732e-001
5.020000e+001,5.000000e+001,5.243334e+001,4.806234e+001,-2.433344e+000
5.022000e+001,5.400000e+001,5.262018e+001,4.802975e+001,1.379816e+000
5.024000e+001,7.100000e+001,5.280991e+001,4.799591e+001,1.819009e+001
5.026000e+001,4.900000e+001,5.300205e+001,4.796084e+001,-4.002055e+000
5.028000e+001,6.400000e+001,5.319609e+001,4.792454e+001,1.080391e+001
5.030000e+001,6.000000e+001,5.339147e+001,4.788704e+001,6.608532e+000
5.032000e+001,6.300000e+001,5.358759e+001,4.784835e+001,9.412411e+000
5.034000e+001,7.000000e+001,5.378383e+001,4.780847e+001,1.621617e+001
5.036000e+001,6.300000e+001,5.397951e+001,4.776742e+001,9.020487e+000
5.038000e+001,5.400000e+001,5.417396e+001,4.772522e+001,-1.739575e-001
5.040000e+001,6.100000e+001,5.436644e+001,4.768187e+001,6.633562e+000
5.042000e+001,6.300000e+001,5.455621e+001,4.763739e+001,8.443790e+000
5.044000e+001,5.700000e+001,5.474251e+001,4.759179e+001,2.257493e+000
5.046000e+001,4.100000e+001,5.492455e+001,4.754508e+001,-1.392455e+001
5.048000e+001,4.800000e+001,5.510154e+001,4.749728e+001,-7.101539e+000
5.050000e+001,4.800000e+001,5.527268e+001,4.744840e+001,-7.272679e+000
5.052000e+001,4.800000e+001,5.543717e+001,4.739846e+001,-7.437166e+000
5.054000e+001,6.400000e+001,5.559420e+001,4.734746e+001,8.405801e+000
5.056000e+001,5.500000e+001,5.574299e+001,4.729541e+001,-7.429855e-001
5.058000e+001,5.900000e+001,5.588274e+001,4.724234e+001,3.117256e+000
5.060000e+001,6.700000e+001,5.601271e+001,4.718825e+001,1.098729e+001
5.062000e+001,7.500000e+001,5.613215e+001,4.713315e+001,1.886785e+001
5.064000e+001,4.800000e+001,5.624035e+001,4.707706e+001,-8.240351e+000
5.066000e+001,6.800000e+001,5.633663e+001,4.702000e+001,1.166337e+001
5.068000e+001,6.000000e+001,5.642035e+001,4.696197e+001,3.579650e+000
5.070000e+001,6.700000e+001,5.649091e+001,4.690298e+001,1.050909e+001
5.072000e+001,6.300000e+001,5.654776e+001,4.684306e+001,6.452235e+000
5.074000e+001,5.500000e+001,5.659041e+001,4.678221e+001,-1.590408e+000
5.076000e+001,5.800000e+001,5.661840e+001,4.672044e+001,1.381603e+000
5.078000e+001,6.300000e+001,5.671551e+001,4.665777e+001,6.284490e+000
5.080000e+001,6.300000e+001,5.671368e+001,4.659421e+001,6.286325e+000
5.082000e+001,7.000000e+001,5.669621e+001,4.652977e+001,1.330379e+001
5.084000e+001,7.200000e+001,5.666450e+001,4.646448e+001,1.533550e+001
5.086000e+001,6.000000e+001,5.662401e+001,4.639832e+001,3.375985e+000
5.088000e+001,6.300000e+001,5.657517e+001,4.633133e+001,6.424835e+000
5.090000e+001,5.900000e+001,5.651786e+001,4.626352e+001,2.482140e+000
5.092000e+001,6.900000e+001,5.645204e+001,4.619489e+001,1.254796e+001
5.094000e+001,5.600000e+001,5.641958e+001,4.612546e+001,-4.195829e-001
5.096000e+001,6.400000e+001,5.633693e+001,4.605524e+001,7.663067e+000
5.098000e+001,5.500000e+001,5.624714e+001,4.598425e+001,-1.247144e+000
5.100000e+001,5.800000e+001,5.615264e+001,4.591250e+001,1.847363e+000
5.102000e+001,5.200000e+001,5.605349e+001,4.583999e+001,-4.053491e+000
5.104000e+001,5.500000e+001,5.594975e+001,4.576675e+001,-9.497518e-001
5.106000e+001,6.100000e+001,5.584147e+001,4.569279e+001,5.158531e+000
5.108000e+001,5.700000e+001,5.572870e+001,4.561812e+001,1.271304e+000
5.110000e+001,6.500000e+001,5.561149e+001,4.554274e+001,9.388508e+000
5.112000e+001,5.500000e+001,5.548992e+001,4.546668e+001,-4.899184e-001
5.114000e+001,5.400000e+001,5.536404e+001,4.538995e+001,-1.364043e+000
5.116000e+001,5.100000e+001,5.523394e+001,4.531256e+001,-4.233936e+000
5.118000e+001,5.400000e+001,5.509967e+001,4.523452e+001,-1.099672e+000
5.120000e+001,5.600000e+001,5.496133e+001,4.515584e+001,1.038671e+000
5.122000e+001,5.600000e+001,5.481899e+001,4.507654e+001,1.181009e+000
5.124000e+001,5.100000e+001,5.467274e+001,4.499664e+001,-3.672742e+000
5.126000e+001,5.100000e+001,5.452267e+001,4.491613e+001,-3.522672e+000
5.128000e+001,5.900000e+001,5.436887e+001,4.483505e+001,4.631126e+000
5.130000e+001,5.800000e+001,5.421144e+001,4.475339e+001,3.788557e+000
5.132000e+001,5.800000e+001,5.405048e+001,4.467117e+001,3.949523e+000
5.134000e+001,4.900000e+001,5.388608e+001,4.458841e+001,-4.886078e+000
5.136000e+001,6.000000e+001,5.371835e+001,4.450512e+001,6.281650e+000
5.138000e+001,6.700000e+001,5.354740e+001,4.442130e+001,1.345260e+001
5.140000e+001,5.500000e+001,5.337334e+001,4.433698e+001,1.626665e+000
5.142000e+001,4.900000e+001,5.319627e+001,4.425216e+001,-4.196268e+000
5.144000e+001,4.500000e+001,5.301631e+001,4.416686e+001,-8.016312e+000
5.146000e+001,5.600000e+001,5.283358e+001,4.408109e+001,3.166420e+000
5.148000e+001,6.600000e+001,5.264819e+001,4.399487e+001,1.335181e+001
5.150000e+001,5.000000e+001,5.246026e+001,4.390820e+001,-2.460258e+000
5.152000e+001,4.900000e+001,5.226990e+001,4.382110e+001,-3.269904e+000
5.154000e+001,5.100000e+001,5.207725e+001,4.373358e+001,-1.077248e+000
5.156000e+001,5.000000e+001,5.188241e+001,4.364565e+001,-1.882412e+000
5.158000e+001,5.400000e+001,5.168552e+001,4.355734e+001,2.314485e+000
5.160000e+001,4.500000e+001,5.148668e+001,4.346864e+001,-6.486682e+000
5.162000e+001,5.900000e+001,5.128603e+001,4.337958e+001,7.713967e+000
5.164000e+001,6.800000e+001,5.108369e+001,4.329016e+001,1.691631e+001
5.166000e+001,4.200000e+001,5.087978e+001,4.320040e+001,-8.879783e+000
5.168000e+001,5.200000e+001,5.067443e+001,4.311031e+001,1.325575e+000
5.170000e+001,5.600000e+001,5.046774e+001,4.301990e+001,5.532257e+000
5.172000e+001,5.900000e+001,5.025986e+001,4.292919e+001,8.740143e+000
5.174000e+001,5.300000e+001,5.005089e+001,4.283819e+001,2.949112e+000
5.176000e+001,6.700000e+001,4.984096e+001,4.274691e+001,1.715904e+001
5.178000e+001,6.500000e+001,4.963018e+001,4.265536e+001,1.536982e+001
5.180000e+001,4.000000e+001,4.941868e+001,4.256357e+001,-9.418684e+000
5.182000e+001,5.200000e+001,4.920658e+001,4.247153e+001,2.793425e+000
5.184000e+001,5.600000e+001,4.899397e+001,4.237926e+001,7.006027e+000
5.186000e+001,4.000000e+001,4.878099e+001,4.228678e+001,-8.780991e+000
5.188000e+001,4.800000e+001,4.856774e+001,4.219410e+001,-5.677417e-001
5.190000e+001,5.400000e+001,4.835433e+001,4.210123e+001,5.645666e+000
5.192000e+001,5.900000e+001,4.814088e+001,4.200818e+001,1.085912e+001
5.194000e+001,5.500000e+001,4.792748e+001,4.191497e+001,7.072522e+000
5.196000e+001,4.500000e+001,4.771424e+001,4.182161e+001,-2.714240e+000
5.198000e+001,5.100000e+001,4.750126e+001,4.172811e+001,3.498736e+000
5.200000e+001,5.700000e+001,4.728865e+001,4.163449e+001,9.711349e+000
5.202000e+001,5.100000e+001,4.707650e+001,4.154075e+001,3.923503e+000
5.204000e+001,5.600000e+001,4.686490e+001,4.144691e+001,9.135102e+000
5.206000e+001,5.200000e+001,4.665394e+001,4.135299e+001,5.346055e+000
5.208000e+001,4.300000e+001,4.644373e+001,4.125899e+001,-3.443727e+000
5.210000e+001,5.000000e+001,4.623433e+001,4.116493e+001,3.765667e+000
5.212000e+001,5.200000e+001,4.602585e+001,4.107082e+001,5.974155e+000
5.214000e+001,3.800000e+001,4.581835e+001,4.097667e+001,-7.818346e+000
5.216000e+001,4.800000e+001,4.561191e+001,4.088250e+001,2.388088e+000
5.218000e+001,5.000000e+001,4.540662e+001,4.078832e+001,4.593379e+000
5.220000e+001,4.600000e+001,4.520254e+001,4.069414e+001,7.974552e-001
5.222000e+001,3.500000e+001,4.499975e+001,4.059998e+001,-9.999753e+000
5.224000e+001,5.200000e+001,4.479831e+001,4.050584e+001,7.201687e+000
5.226000e+001,5.200000e+001,4.459829e+001,4.041175e+001,7.401712e+000
5.228000e+001,4.900000e+001,4.439974e+001,4.031770e+001,4.600259e+000
5.230000e+001,4.400000e+001,4.420273e+001,4.022373e+001,-2.027276e-001
5.232000e+001,4.100000e+001,4.400730e+001,4.012983e+001,-3.007305e+000
5.234000e+001,5.000000e+001,4.381352e+001,4.003602e+001,6.186475e+000
5.236000e+001,4.200000e+001,4.362093e+001,3.994231e+001,-1.620931e+000
5.238000e+001,4.900000e+001,4.343058e+001,3.984873e+001,5.569417e+000
5.240000e+001,5.600000e+001,4.324202e+001,3.975527e+001,1.275798e+001
5.242000e+001,4.900000e+001,4.305502e+001,3.966195e+001,5.944977e+000
5.244000e+001,5.000000e+001,4.287014e+001,3.956879e+001,7.129856e+000
5.246000e+001,4.500000e+001,4.268716e+001,3.947579e+001,2.312838e+000
5.248000e+001,3.900000e+001,4.250611e+001,3.938298e+001,-3.506110e+000
5.250000e+001,3.600000e+001,4.232702e+001,3.929036e+001,-6.327020e+000
5.252000e+001,4.200000e+001,4.214992e+001,3.919794e+001,-1.499192e-001
5.254000e+001,4.500000e+001,4.197483e+001,3.910575e+001,3.025167e+000
5.256000e+001,5.100000e+001,4.180178e+001,3.901378e+001,9.198216e+000
5.258000e+001,4.700000e+001,4.163079e+001,3.892206e+001,5.369207e+000
5.260000e+001,5.000000e+001,4.146188e+001,3.883059e+001,8.538121e+000
5.262000e+001,4.100000e+001,4.129506e+001,3.873940e+001,-2.950577e-001
5.264000e+001,4.400000e+001,4.113034e+001,3.864848e+001,2.869657e+000
5.266000e+001,3.600000e+001,4.096775e+001,3.855787e+001,-4.967747e+000
5.268000e+001,3.700000e+001,4.080728e+001,3.846755e+001,-3.807279e+000
5.270000e+001,5.300000e+001,4.064895e+001,3.837756e+001,1.235105e+001
5.272000e+001,4.800000e+001,4.049276e+001,3.828790e+001,7.507240e+000
5.274000e+001,4.900000e+001,4.033872e+001,3.819859e+001,8.661282e+000
5.276000e+001,4.100000e+001,4.018683e+001,3.810964e+001,8.131731e-001
5.278000e+001,4.000000e+001,4.003709e+001,3.802106e+001,-3.708622e-002
5.280000e+001,3.800000e+001,3.988950e+001,3.793286e+001,-1.889496e+000
5.282000e+001,3.900000e+001,3.974405e+001,3.784506e+001,-7.440543e-001
5.284000e+001,4.000000e+001,3.960076e+001,3.775766e+001,3.992421e-001
5.286000e+001,4.700000e+001,3.945960e+001,3.767069e+001,7.540398e+000
5.288000e+001,4.900000e+001,3.932058e+001,3.758416e+001,9.679418e+000
5.290000e+001,3.200000e+001,3.918369e+001,3.749807e+001,-7.183689e+000
5.292000e+001,3.000000e+001,3.904892e+001,3.741245e+001,-9.048917e+000
5.294000e+001,3.800000e+001,3.891626e+001,3.732729e+001,-9.162553e-001
5.296000e+001,5.100000e+001,3.878570e+001,3.724262e+001,1.221430e+001
5.298000e+001,4.400000e+001,3.865723e+001,3.715845e+001,5.342773e+000
5.300000e+001,4.000000e+001,3.853084e+001,3.707480e+001,1.469163e+000
5.302000e+001,4.200000e+001,3.840651e+001,3.699166e+001,3.593485e+000
5.304000e+001,4.800000e+001,3.828425e+001,3.690907e+001,9.715753e+000
5.306000e+001,4.400000e+001,3.816402e+001,3.682702e+001,5.835979e+000
5.308000e+001,3.800000e+001,3.804582e+001,3.674553e+001,-4.582277e-002
5.310000e+001,4.000000e+001,3.792964e+001,3.666462e+001,2.070362e+000
5.312000e+001,4.100000e+001,3.781545e+001,3.658430e+001,3.184547e+000
5.314000e+001,3.200000e+001,3.770325e+001,3.650458e+001,-5.703252e+000
5.316000e+001,4.300000e+001,3.759302e+001,3.642547e+001,5.406980e+000
5.318000e+001,4.200000e+001,3.748474e+001,3.634699e+001,4.515257e+000
5.320000e+001,3.400000e+001,3.737841e+001,3.626914e+001,-3.378406e+000
5.322000e+001,4.400000e+001,3.727399e+001,3.619195e+001,6.726007e+000
5.324000e+001,3.800000e+001,3.717149e+001,3.611542e+001,8.285119e-001
5.326000e+001,3.400000e+001,3.707088e+001,3.603957e+001,-3.070877e+000
5.328000e+001,3.600000e+001,3.697214e+001,3.596441e+001,-9.721449e-001
5.330000e+001,4.100000e+001,3.687528e+001,3.588995e+001,4.124724e+000
5.332000e+001,3.200000e+001,3.678026e+001,3.581620e+001,-4.780257e+000
5.334000e+001,3.900000e+001,3.668707e+001,3.574319e+001,2.312928e+000
5.336000e+001,4.000000e+001,3.659571e+001,3.567091e+001,3.404293e+000
5.338000e+001,4.000000e+001,3.650615e+001,3.559939e+001,3.493852e+000
5.340000e+001,5.000000e+001,3.641838e+001,3.552863e+001,1.358162e+001
5.342000e+001,2.900000e+001,3.633240e+001,3.545866e+001,-7.332395e+000
5.344000e+001,5.500000e+001,3.624818e+001,3.538947e+001,1.875182e+001
5.346000e+001,3.900000e+001,3.616571e+001,3.532109e+001,2.834290e+000
5.348000e+001,4.200000e+001,3.608499e+001,3.525352e+001,5.915013e+000
5.350000e+001,3.500000e+001,3.600600e+001,3.518679e+001,-1.005995e+000
5.352000e+001,3.500000e+001,3.592872e+001,3.512089e+001,-9.287235e-001
5.354000e+001,3.800000e+001,3.585316e+001,3.505586e+001,2.146838e+000
5.356000e+001,4.800000e+001,3.577930e+001,3.499169e+001,1.222070e+001
5.358000e+001,4.800000e+001,3.570713e+001,3.492840e+001,1.229287e+001
5.360000e+001,4.600000e+001,3.563664e+001,3.486600e+001,1.036336e+001
5.362000e+001,4.500000e+001,3.556783e+001,3.480451e+001,9.432172e+000
5.364000e+001,2.700000e+001,3.550068e+001,3.474394e+001,-8.500681e+000
5.366000e+001,3.800000e+001,3.543519e+001,3.468430e+001,2.564805e+000
5.368000e+001,4.000000e+001,3.537136e+001,3.462561e+001,4.628637e+000
5.370000e+001,3.100000e+001,3.530918e+001,3.456787e+001,-4.309180e+000
5.372000e+001,3.700000e+001,3.524864e+001,3.451110e+001,1.751359e+000
5.374000e+001,3.900000e+001,3.518974e+001,3.445532e+001,3.810257e+000
5.376000e+001,2.500000e+001,3.513248e+001,3.440053e+001,-1.013248e+001
5.378000e+001,3.100000e+001,3.507685e+001,3.434675e+001,-4.076854e+000
5.380000e+001,4.500000e+001,3.502286e+001,3.429398e+001,9.977141e+000
5.382000e+001,4.100000e+001,3.497050e+001,3.424226e+001,6.029504e+000
5.384000e+001,3.800000e+001,3.491976e+001,3.419158e+001,3.080237e+000
5.386000e+001,4.100000e+001,3.487066e+001,3.414195e+001,6.129339e+000
5.388000e+001,3.100000e+001,3.482319e+001,3.409340e+001,-3.823191e+000
5.390000e+001,2.600000e+001,3.477735e+001,3.404594e+001,-8.777354e+000
5.392000e+001,2.700000e+001,3.473315e+001,3.399957e+001,-7.733154e+000
5.394000e+001,4.100000e+001,3.469059e+001,3.395431e+001,6.309408e+000
5.396000e+001,4.500000e+001,3.464967e+001,3.391017e+001,1.035033e+001
5.398000e+001,2.600000e+001,3.461040e+001,3.386717e+001,-8.610403e+000
5.400000e+001,3.300000e+001,3.457279e+001,3.382532e+001,-1.572785e+000
5.402000e+001,3.200000e+001,3.453683e+001,3.378462e+001,-2.536827e+000
5.404000e+001,2.700000e+001,3.450253e+001,3.374511e+001,-7.502534e+000
5.406000e+001,3.600000e+001,3.446991e+001,3.370677e+001,1.530085e+000
5.408000e+001,3.300000e+001,3.443898e+001,3.366964e+001,-1.438978e+000
5.410000e+001,3.200000e+001,3.440973e+001,3.363372e+001,-2.409732e+000
5.412000e+001,2.900000e+001,3.438219e+001,3.359902e+001,-5.382186e+000
5.414000e+001,2.900000e+001,3.435635e+001,3.356556e+001,-5.356353e+000
5.416000e+001,3.300000e+001,3.433224e+001,3.353335e+001,-1.332242e+000
5.418000e+001,2.900000e+001,3.430987e+001,3.350240e+001,-5.309867e+000
5.420000e+001,4.300000e+001,3.428924e+001,3.347273e+001,8.710760e+000
5.422000e+001,3.300000e+001,3.427037e+001,3.344435e+001,-1.270374e+000
5.424000e+001,3.200000e+001,3.425329e+001,3.341727e+001,-2.253286e+000
5.426000e+001,2.700000e+001,3.423799e+001,3.339150e+001,-7.237989e+000
5.428000e+001,3.300000e+001,3.422450e+001,3.336706e+001,-1.224501e+000
5.430000e+001,3.600000e+001,3.421284e+001,3.334395e+001,1.787162e+000
5.432000e+001,3.900000e+001,3.420302e+001,3.332220e+001,4.796981e+000
5.434000e+001,3.400000e+001,3.419506e+001,3.330181e+001,-1.950611e-001
5.436000e+001,3.500000e+001,3.418899e+001,3.328280e+001,8.110145e-001
5.438000e+001,4.000000e+001,3.418481e+001,3.326519e+001,5.815188e+000
5.440000e+001,3.000000e+001,3.425892e+001,3.324897e+001,-4.258917e+000
5.442000e+001,2.900000e+001,3.425898e+001,3.323417e+001,-5.258978e+000
5.444000e+001,3.900000e+001,3.426101e+001,3.322080e+001,4.738988e+000
5.446000e+001,3.200000e+001,3.426504e+001,3.320886e+001,-2.265043e+000
5.448000e+001,3.100000e+001,3.427110e+001,3.319839e+001,-3.271097e+000
5.450000e+001,4.000000e+001,3.427920e+001,3.318937e+001,5.720799e+000
5.452000e+001,4.800000e+001,3.428938e+001,3.318184e+001,1.371062e+001
5.454000e+001,3.300000e+001,3.430167e+001,3.317580e+001,-1.301670e+000
5.456000e+001,3.300000e+001,3.431610e+001,3.317127e+001,-1.316095e+000
5.458000e+001,3.000000e+001,3.437069e+001,3.316825e+001,-4.370687e+000
5.460000e+001,3.200000e+001,3.438966e+001,3.316676e+001,-2.389663e+000
5.462000e+001,3.400000e+001,3.441088e+001,3.316681e+001,-4.108759e-001
5.464000e+001,3.500000e+001,3.443436e+001,3.316842e+001,5.656386e-001
5.466000e+001,2.100000e+001,3.446016e+001,3.317160e+001,-1.346016e+001
5.468000e+001,1.700000e+001,3.448830e+001,3.317636e+001,-1.748830e+001
5.470000e+001,3.200000e+001,3.451884e+001,3.318272e+001,-2.518835e+000
5.472000e+001,3.400000e+001,3.455180e+001,3.319068e+001,-5.518014e-001
5.474000e+001,4.000000e+001,3.458724e+001,3.320026e+001,5.412756e+000
5.476000e+001,3.500000e+001,3.462521e+001,3.321147e+001,3.747919e-001
5.478000e+001,3.500000e+001,3.466574e+001,3.322432e+001,3.342608e-001
5.480000e+001,4.000000e+001,3.470887e+001,3.323880e+001,5.291135e+000
5.482000e+001,2.800000e+001,3.475461e+001,3.325490e+001,-6.754613e+000
5.484000e+001,3.000000e+001,3.480301e+001,3.327261e+001,-4.803012e+000
5.486000e+001,4.100000e+001,3.485409e+001,3.329190e+001,6.145907e+000
5.488000e+001,3.400000e+001,3.490789e+001,3.331277e+001,-9.078907e-001
5.490000e+001,3.800000e+001,3.496444e+001,3.333521e+001,3.035556e+000
5.492000e+001,4.600000e+001,3.502379e+001,3.335919e+001,1.097621e+001
5.494000e+001,4.900000e+001,3.508598e+001,3.338470e+001,1.391402e+001
5.496000e+001,2.900000e+001,3.515106e+001,3.341174e+001,-6.151060e+000
5.498000e+001,4.100000e+001,3.521908e+001,3.344029e+001,5.780921e+000
5.500000e+001,2.200000e+001,3.529009e+001,3.347033e+001,-1.329009e+001
5.502000e+001,2.700000e+001,3.536417e+001,3.350185e+001,-8.364170e+000
5.504000e+001,4.100000e+001,3.544137e+001,3.353484e+001,5.558631e+000
5.506000e+001,3.400000e+001,3.552176e+001,3.356928e+001,-1.521765e+000
5.508000e+001,4.400000e+001,3.560543e+001,3.360515e+001,8.394566e+000
5.510000e+001,3.800000e+001,3.569246e+001,3.364246e+001,2.307540e+000
5.512000e+001,2.900000e+001,3.578293e+001,3.368117e+001,-6.782933e+000
5.514000e+001,3.500000e+001,3.587695e+001,3.372129e+001,-8.769518e-001
5.516000e+001,3.900000e+001,3.597462e+001,3.376279e+001,3.025379e+000
5.518000e+001,4.300000e+001,3.607605e+001,3.380566e+001,6.923946e+000
5.520000e+001,4.300000e+001,3.618137e+001,3.384988e+001,6.818625e+000
5.522000e+001,4.800000e+001,3.629072e+001,3.389545e+001,1.170928e+001
5.524000e+001,3.900000e+001,3.640423e+001,3.394235e+001,2.595775e+000
5.526000e+001,4.200000e+001,3.652206e+001,3.399056e+001,5.477945e+000
5.528000e+001,3.200000e+001,3.664438e+001,3.404008e+001,-4.644377e+000
5.530000e+001,3.600000e+001,3.677138e+001,3.409089e+001,-7.713752e-001
5.532000e+001,4.500000e+001,3.690325e+001,3.414297e+001,8.096752e+000
5.534000e+001,3.700000e+001,3.704021e+001,3.419631e+001,-4.021371e-002
5.536000e+001,3.100000e+001,3.718251e+001,3.425089e+001,-6.182507e+000
5.538000e+001,4.200000e+001,3.733038e+001,3.430672e+001,4.669616e+000
5.540000e+001,3.900000e+001,3.748412e+001,3.436376e+001,1.515875e+000
5.542000e+001,3.100000e+001,3.764403e+001,3.442200e+001,-6.644033e+000
5.544000e+001,3.300000e+001,3.781044e+001,3.448144e+001,-4.810441e+000
5.546000e+001,4.600000e+001,3.798371e+001,3.454206e+001,8.016288e+000
5.548000e+001,3.800000e+001,3.816424e+001,3.460385e+001,-1.642433e-001
5.550000e+001,4.200000e+001,3.835247e+001,3.466678e+001,3.647531e+000
5.552000e+001,3.000000e+001,3.854887e+001,3.473085e+001,-8.548866e+000
5.554000e+001,4.200000e+001,3.875396e+001,3.479605e+001,3.246042e+000
5.556000e+001,3.600000e+001,3.896832e+001,3.486236e+001,-2.968321e+000
5.558000e+001,4.100000e+001,3.919259e+001,3.492976e+001,1.807409e+000
5.560000e+001,3.000000e+001,3.942747e+001,3.499824e+001,-9.427468e+000
5.562000e+001,4.400000e+001,3.967373e+001,3.506780e+001,4.326274e+000
5.564000e+001,3.600000e+001,3.993222e+001,3.513841e+001,-3.932222e+000
5.566000e+001,4.400000e+001,4.020391e+001,3.521006e+001,3.796092e+000
5.568000e+001,3.900000e+001,4.048984e+001,3.528274e+001,-1.489841e+000
5.570000e+001,3.800000e+001,4.079120e+001,3.535643e+001,-2.791200e+000
5.572000e+001,3.600000e+001,4.110930e+001,3.543113e+001,-5.109299e+000
5.574000e+001,3.300000e+001,4.144561e+001,3.550681e+001,-8.445612e+000
5.576000e+001,3.400000e+001,4.180179e+001,3.558346e+001,-7.801787e+000
5.578000e+001,4.500000e+001,4.217968e+001,3.566108e+001,2.820317e+000
5.580000e+001,4.500000e+001,4.258139e+001,3.573964e+001,2.418610e+000
5.582000e+001,3.500000e+001,4.300928e+001,3.581913e+001,-8.009275e+000
5.584000e+001,4.500000e+001,4.346602e+001,3.589954e+001,1.533979e+000
5.586000e+001,4.100000e+001,4.395468e+001,3.598085e+001,-2.954677e+000
5.588000e+001,5.000000e+001,4.447872e+001,3.606306e+001,5.521277e+000
5.590000e+001,4.700000e+001,4.504214e+001,3.614614e+001,1.957857e+000
5.592000e+001,4.300000e+001,4.564951e+001,3.623008e+001,-2.649512e+000
5.594000e+001,3.800000e+001,4.630611e+001,3.631488e+001,-8.306107e+000
5.596000e+001,4.900000e+001,4.701803e+001,3.640051e+001,1.981966e+000
5.598000e+001,5.000000e+001,4.779239e+001,3.648696e+001,2.207607e+000
5.600000e+001,4.500000e+001,4.863747e+001,3.657423e+001,-3.637472e+000
5.602000e+001,4.600000e+001,4.956300e+001,3.666228e+001,-3.563002e+000
5.604000e+001,4.900000e+001,5.058047e+001,3.675112e+001,-1.580472e+000
5.606000e+001,5.800000e+001,5.170354e+001,3.684073e+001,6.296457e+000
5.608000e+001,4.800000e+001,5.294863e+001,3.693109e+001,-4.948626e+000
5.610000e+001,5.700000e+001,5.433568e+001,3.702219e+001,2.664322e+000
5.612000e+001,5.800000e+001,5.588940e+001,3.711401e+001,2.110597e+000
5.614000e+001,6.300000e+001,5.764107e+001,3.720655e+001,5.358927e+000
5.616000e+001,5.400000e+001,5.963133e+001,3.729979e+001,-5.631329e+000
5.618000e+001,7.600000e+001,6.191448e+001,3.739371e+001,1.408552e+001
5.620000e+001,7.400000e+001,6.456489e+001,3.748831e+001,9.435109e+000
5.622000e+001,7.300000e+001,6.768596e+001,3.758356e+001,5.314044e+000
5.624000e+001,7.100000e+001,7.142202e+001,3.767946e+001,-4.220218e-001
5.626000e+001,8.200000e+001,7.597267e+001,3.777598e+001,6.027331e+000
5.628000e+001,1.000000e+002,8.160776e+001,3.787313e+001,1.839224e+001
5.630000e+001,9.400000e+001,8.868002e+001,3.797087e+001,5.319979e+000
5.632000e+001,1.060000e+002,9.763063e+001,3.806921e+001,8.369368e+000
5.634000e+001,1.110000e+002,1.089822e+002,3.816812e+001,2.017752e+000
5.636000e+001,1.200000e+002,1.233145e+002,3.826759e+001,-3.314528e+000
5.638000e+001,1.410000e+002,1.412180e+002,3.836761e+001,-2.180389e-001
5.640000e+001,1.540000e+002,1.632221e+002,3.846817e+001,-9.222075e+000
5.642000e+001,1.950000e+002,1.896855e+002,3.856925e+001,5.314504e+000
5.644000e+001,2.310000e+002,2.206223e+002,3.867083e+001,1.037768e+001
5.646000e+001,2.600000e+002,2.554102e+002,3.877291e+001,4.589793e+000
5.648000e+001,2.680000e+002,2.923421e+002,3.887546e+001,-2.434215e+001
5.650000e+001,2.990000e+002,3.281448e+002,3.897848e+001,-2.914477e+001
5.652000e+001,3.740000e+002,3.580023e+002,3.908196e+001,1.599771e+001
5.654000e+001,3.710000e+002,3.769217e+002,3.918587e+001,-5.921699e+000
5.656000e+001,4.090000e+002,3.864452e+002,3.929021e+001,2.255485e+001
5.658000e+001,4.550000e+002,3.937958e+002,3.939496e+001,6.120417e+001
5.660000e+001,4.250000e+002,3.991923e+002,3.950010e+001,2.580774e+001
5.662000e+001,4.150000e+002,4.024652e+002,3.960563e+001,1.253476e+001
5.664000e+001,4.360000e+002,4.029308e+002,3.971153e+001,3.306920e+001
5.666000e+001,4.430000e+002,3.991616e+002,3.981779e+001,4.383836e+001
5.668000e+001,3.780000e+002,3.891461e+002,3.992439e+001,-1.114613e+001
5.670000e+001,3.400000e+002,3.712815e+002,4.003132e+001,-3.128149e+001
5.672000e+001,3.460000e+002,3.490710e+002,4.013856e+001,-3.070971e+000
5.674000e+001,3.230000e+002,3.251390e+002,4.024610e+001,-2.139032e+000
5.676000e+001,2.990000e+002,3.001418e+002,4.035394e+001,-1.141799e+000
5.678000e+001,2.980000e+002,2.747101e+002,4.046204e+001,2.328994e+001
5.680000e+001,2.330000e+002,2.494262e+002,4.057041e+001,-1.642624e+001
5.682000e+001,2.200000e+002,2.248062e+002,4.067902e+001,-4.806187e+000
5.684000e+001,2.230000e+002,2.012862e+002,4.078787e+001,2.171381e+001
5.686000e+001,1.630000e+002,1.792153e+002,4.089693e+001,-1.621535e+001
5.688000e+001,1.540000e+002,1.588530e+002,4.100620e+001,-4.852959e+000
5.690000e+001,1.280000e+002,1.403705e+002,4.111566e+001,-1.237055e+001
5.692000e+001,1.180000e+002,1.238577e+002,4.122530e+001,-5.857665e+000
5.694000e+001,9.800000e+001,1.093307e+002,4.133511e+001,-1.133074e+001
5.696000e+001,9.700000e+001,9.674401e+001,4.144506e+001,2.559924e-001
5.698000e+001,8.100000e+001,8.600165e+001,4.155515e+001,-5.001645e+000
5.700000e+001,7.800000e+001,7.697027e+001,4.166537e+001,1.029733e+000
5.702000e+001,8.600000e+001,6.949103e+001,4.177569e+001,1.650897e+001
5.704000e+001,7.200000e+001,6.339074e+001,4.188611e+001,8.609265e+000
5.706000e+001,7.000000e+001,5.849154e+001,4.199662e+001,1.150846e+001
5.708000e+001,6.900000e+001,5.461889e+001,4.210719e+001,1.438111e+001
5.710000e+001,5.900000e+001,5.160770e+001,4.221781e+001,7.392297e+000
5.712000e+001,5.300000e+001,4.930667e+001,4.232848e+001,3.693333e+000
5.714000e+001,5.400000e+001,4.758095e+001,4.243917e+001,6.419053e+000
5.716000e+001,5.600000e+001,4.631340e+001,4.254988e+001,9.686598e+000
5.718000e+001,6.000000e+001,4.540464e+001,4.266059e+001,1.459536e+001
5.720000e+001,3.800000e+001,4.477220e+001,4.277128e+001,-6.772198e+000
5.722000e+001,5.600000e+001,4.434908e+001,4.288195e+001,1.165092e+001
5.724000e+001,5.600000e+001,4.408196e+001,4.299257e+001,1.191804e+001
5.726000e+001,4.600000e+001,4.392922e+001,4.310314e+001,2.070778e+000
5.728000e+001,5.100000e+001,4.385901e+001,4.321364e+001,7.140987e+000
5.730000e+001,4.700000e+001,4.384739e+001,4.332406e+001,3.152612e+000
5.732000e+001,4.600000e+001,4.387669e+001,4.343438e+001,2.123314e+000
5.734000e+001,2.700000e+001,4.394629e+001,4.354460e+001,-1.694629e+001
5.736000e+001,4.400000e+001,4.402277e+001,4.365469e+001,-2.276513e-002
5.738000e+001,4.000000e+001,4.411186e+001,4.376464e+001,-4.111863e+000
5.740000e+001,4.200000e+001,4.420920e+001,4.387444e+001,-2.209198e+000
5.742000e+001,2.900000e+001,4.431691e+001,4.398407e+001,-1.531691e+001
5.744000e+001,4.300000e+001,4.442282e+001,4.409353e+001,-1.422817e+000
5.746000e+001,2.500000e+001,4.453072e+001,4.420280e+001,-1.953072e+001
5.748000e+001,4.700000e+001,4.463977e+001,4.431186e+001,2.360227e+000
5.750000e+001,3.500000e+001,4.474945e+001,4.442070e+001,-9.749447e+000
5.752000e+001,4.500000e+001,4.485940e+001,4.452931e+001,1.405980e-001
5.754000e+001,5.000000e+001,4.497550e+001,4.463767e+001,5.024504e+000
5.756000e+001,3.400000e+001,4.508549e+001,4.474577e+001,-1.108549e+001
5.758000e+001,5.100000e+001,4.519534e+001,4.485359e+001,5.804663e+000
5.760000e+001,5.000000e+001,4.530500e+001,4.496113e+001,4.694998e+000
5.762000e+001,3.100000e+001,4.541699e+001,4.506837e+001,-1.441699e+001
5.764000e+001,2.900000e+001,4.552623e+001,4.517529e+001,-1.652623e+001
5.766000e+001,3.400000e+001,4.563526e+001,4.528188e+001,-1.163526e+001
5.768000e+001,4.200000e+001,4.574410e+001,4.538813e+001,-3.744098e+000
5.770000e+001,3.400000e+001,4.585280e+001,4.549402e+001,-1.185280e+001
5.772000e+001,3.900000e+001,4.596144e+001,4.559954e+001,-6.961442e+000
5.774000e+001,4.200000e+001,4.607016e+001,4.570468e+001,-4.070163e+000
5.776000e+001,3.700000e+001,4.617916e+001,4.580942e+001,-9.179158e+000
5.778000e+001,4.700000e+001,4.628872e+001,4.591375e+001,7.112801e-001
5.780000e+001,4.900000e+001,4.639927e+001,4.601765e+001,2.600732e+000
5.782000e+001,4.200000e+001,4.651140e+001,4.612111e+001,-4.511400e+000
5.784000e+001,5.300000e+001,4.662595e+001,4.622413e+001,6.374053e+000
5.786000e+001,4.400000e+001,4.674405e+001,4.632667e+001,-2.744050e+000
5.788000e+001,3.500000e+001,4.686726e+001,4.642874e+001,-1.186726e+001
5.790000e+001,4.400000e+001,4.699762e+001,4.653031e+001,-2.997623e+000
5.792000e+001,4.900000e+001,4.713786e+001,4.663138e+001,1.862144e+000
5.794000e+001,5.900000e+001,4.729145e+001,4.673192e+001,1.170855e+001
5.796000e+001,5.400000e+001,4.746288e+001,4.683193e+001,6.537124e+000
5.798000e+001,5.800000e+001,4.765772e+001,4.693139e+001,1.034228e+001
5.800000e+001,4.900000e+001,4.788288e+001,4.703029e+001,1.117115e+000
5.802000e+001,5.200000e+001,4.814677e+001,4.712861e+001,3.853230e+000
5.804000e+001,5.000000e+001,4.845938e+001,4.722634e+001,1.540615e+000
5.806000e+001,3.900000e+001,4.883247e+001,4.732347e+001,-9.832468e+000
5.808000e+001,4.600000e+001,4.927951e+001,4.741999e+001,-3.279511e+000
5.810000e+001,4.300000e+001,4.981571e+001,4.751587e+001,-6.815706e+000
5.812000e+001,5.000000e+001,5.045777e+001,4.761111e+001,-4.577711e-001
5.814000e+001,4.900000e+001,5.122365e+001,4.770569e+001,-2.223645e+000
5.816000e+001,6.500000e+001,5.213203e+001,4.779959e+001,1.286797e+001
5.818000e+001,4.900000e+001,5.320174e+001,4.789282e+001,-4.201741e+000
5.820000e+001,5.200000e+001,5.445096e+001,4.798534e+001,-2.450957e+000
5.822000e+001,5.100000e+001,5.589623e+001,4.807715e+001,-4.896233e+000
5.824000e+001,5.000000e+001,5.755144e+001,4.816823e+001,-7.551441e+000
5.826000e+001,7.900000e+001,5.942661e+001,4.825858e+001,1.957339e+001
5.828000e+001,6.300000e+001,6.152675e+001,4.834817e+001,1.473251e+000
5.830000e+001,6.900000e+001,6.385067e+001,4.843699e+001,5.149331e+000
5.832000e+001,6.300000e+001,6.638999e+001,4.852503e+001,-3.389993e+000
5.834000e+001,6.900000e+001,6.912833e+001,4.861227e+001,-1.283264e-001
5.836000e+001,7.800000e+001,7.204073e+001,4.869871e+001,5.959270e+000
5.838000e+001,9.000000e+001,7.509356e+001,4.878432e+001,1.490644e+001
5.840000e+001,7.800000e+001,7.824473e+001,4.886910e+001,-2.447330e-001
5.842000e+001,8.100000e+001,8.144442e+001,4.895302e+001,-4.444238e-001
5.844000e+001,9.500000e+001,8.463625e+001,4.903609e+001,1.036375e+001
5.846000e+001,7.900000e+001,8.775889e+001,4.911827e+001,-8.758893e+000
5.848000e+001,9.100000e+001,9.074804e+001,4.919957e+001,2.519638e-001
5.850000e+001,1.070000e+002,9.353868e+001,4.927995e+001,1.346132e+001
5.852000e+001,1.030000e+002,9.606755e+001,4.935943e+001,6.932453e+000
5.854000e+001,9.400000e+001,9.827561e+001,4.943798e+001,-4.275607e+000
5.856000e+001,1.150000e+002,1.001104e+002,4.951562e+001,1.488958e+001
5.858000e+001,9.400000e+001,1.015276e+002,4.959235e+001,-7.527635e+000
5.860000e+001,1.010000e+002,1.022474e+002,4.966815e+001,-1.247392e+000
5.862000e+001,1.090000e+002,1.020827e+002,4.974305e+001,6.917345e+000
5.864000e+001,9.500000e+001,1.011131e+002,4.981703e+001,-6.113107e+000
5.866000e+001,9.200000e+001,9.946252e+001,4.989010e+001,-7.462519e+000
5.868000e+001,1.160000e+002,9.727484e+001,4.996226e+001,1.872516e+001
5.870000e+001,9.300000e+001,9.469574e+001,5.003351e+001,-1.695744e+000
5.872000e+001,1.010000e+002,9.186122e+001,5.010384e+001,9.138775e+000
5.874000e+001,8.900000e+001,8.889097e+001,5.017327e+001,1.090337e-001
5.876000e+001,7.300000e+001,8.576410e+001,5.024180e+001,-1.276410e+001
5.878000e+001,9.400000e+001,8.247678e+001,5.030941e+001,1.152322e+001
5.880000e+001,9.200000e+001,7.913202e+001,5.037612e+001,1.286798e+001
5.882000e+001,8.600000e+001,7.582929e+001,5.044193e+001,1.017071e+001
5.884000e+001,7.800000e+001,7.265532e+001,5.050683e+001,5.344681e+000
5.886000e+001,7.000000e+001,6.967872e+001,5.057083e+001,3.212814e-001
5.888000e+001,5.800000e+001,6.694857e+001,5.063393e+001,-8.948572e+000
5.890000e+001,6.900000e+001,6.449560e+001,5.069613e+001,4.504398e+000
5.892000e+001,6.100000e+001,6.233447e+001,5.075742e+001,-1.334471e+000
5.894000e+001,6.900000e+001,6.046638e+001,5.081782e+001,8.533619e+000
5.896000e+001,7.000000e+001,5.888165e+001,5.087732e+001,1.111835e+001
5.898000e+001,5.700000e+001,5.756222e+001,5.093592e+001,-5.622177e-001
5.900000e+001,4.300000e+001,5.648405e+001,5.099363e+001,-1.348405e+001
5.902000e+001,5.200000e+001,5.561943e+001,5.105044e+001,-3.619425e+000
5.904000e+001,5.000000e+001,5.493900e+001,5.110636e+001,-4.939003e+000
5.906000e+001,6.000000e+001,5.441360e+001,5.116138e+001,5.586400e+000
5.908000e+001,5.500000e+001,5.401560e+001,5.121551e+001,9.844023e-001
5.910000e+001,5.300000e+001,5.371994e+001,5.126875e+001,-7.199447e-001
5.912000e+001,5.900000e+001,5.350476e+001,5.132110e+001,5.495240e+000
5.914000e+001,5.500000e+001,5.335157e+001,5.137255e+001,1.648425e+000
5.916000e+001,5.400000e+001,5.324529e+001,5.142312e+001,7.547145e-001
5.918000e+001,4.900000e+001,5.317390e+001,5.147280e+001,-4.173898e+000
5.920000e+001,5.200000e+001,5.312814e+001,5.152160e+001,-1.128144e+000
5.922000e+001,6.500000e+001,5.310103e+001,5.156951e+001,1.189897e+001
5.924000e+001,5.200000e+001,5.308741e+001,5.161653e+001,-1.087415e+000
5.926000e+001,5.100000e+001,5.308357e+001,5.166267e+001,-2.083565e+000
5.928000e+001,5.800000e+001,5.308683e+001,5.170792e+001,4.913166e+000
5.930000e+001,5.800000e+001,5.309535e+001,5.175230e+001,4.904646e+000
5.932000e+001,6.000000e+001,5.310782e+001,5.179579e+001,6.892182e+000
5.934000e+001,5.600000e+001,5.312330e+001,5.183840e+001,2.876696e+000
5.936000e+001,5.400000e+001,5.314116e+001,5.188013e+001,8.588408e-001
5.938000e+001,4.900000e+001,5.316091e+001,5.192098e+001,-4.160908e+000
5.940000e+001,4.000000e+001,5.318220e+001,5.196096e+001,-1.318220e+001
5.942000e+001,4.100000e+001,5.320475e+001,5.200006e+001,-1.220475e+001
5.944000e+001,6.800000e+001,5.322835e+001,5.203828e+001,1.477165e+001
5.946000e+001,6.200000e+001,5.325283e+001,5.207563e+001,8.747175e+000
5.948000e+001,6.500000e+001,5.327802e+001,5.211210e+001,1.172198e+001
5.950000e+001,4.800000e+001,5.330379e+001,5.214770e+001,-5.303795e+000
5.952000e+001,4.900000e+001,5.333005e+001,5.218243e+001,-4.330051e+000
5.954000e+001,5.800000e+001,5.335668e+001,5.221629e+001,4.643316e+000
5.956000e+001,5.600000e+001,5.338361e+001,5.224928e+001,2.616392e+000
5.958000e+001,4.900000e+001,5.341074e+001,5.228139e+001,-4.410744e+000
5.960000e+001,4.900000e+001,5.343802e+001,5.231264e+001,-4.438023e+000
5.962000e+001,7.600000e+001,5.346538e+001,5.234302e+001,2.253462e+001
5.964000e+001,6.300000e+001,5.349277e+001,5.237254e+001,9.507231e+000
5.966000e+001,6.000000e+001,5.352013e+001,5.240119e+001,6.479868e+000
5.968000e+001,5.700000e+001,5.354743e+001,5.242897e+001,3.452572e+000
5.970000e+001,4.200000e+001,5.357462e+001,5.245589e+001,-1.157462e+001
5.972000e+001,5.900000e+001,5.360166e+001,5.248195e+001,5.398339e+000
5.974000e+001,7.000000e+001,5.362853e+001,5.250715e+001,1.637147e+001
5.976000e+001,5.200000e+001,5.365520e+001,5.253148e+001,-1.655200e+000
5.978000e+001,6.700000e+001,5.368164e+001,5.255496e+001,1.331836e+001
5.980000e+001,7.100000e+001,5.370783e+001,5.257757e+001,1.729217e+001
5.982000e+001,7.500000e+001,5.373375e+001,5.259933e+001,2.126625e+001
5.984000e+001,5.900000e+001,5.375938e+001,5.262023e+001,5.240617e+000
5.986000e+001,5.900000e+001,5.378471e+001,5.264028e+001,5.215288e+000
5.988000e+001,6.100000e+001,5.380972e+001,5.265946e+001,7.190276e+000
5.990000e+001,6.900000e+001,5.383441e+001,5.267780e+001,1.516559e+001
5.992000e+001,7.100000e+001,5.385875e+001,5.269528e+001,1.714125e+001
5.994000e+001,7.000000e+001,5.388275e+001,5.271191e+001,1.611725e+001
5.996000e+001,6.900000e+001,5.390639e+001,5.272768e+001,1.509361e+001
5.998000e+001,5.600000e+001,5.392967e+001,5.274261e+001,2.070326e+000
6.000000e+001,6.600000e+001,5.395259e+001,5.275668e+001,1.204741e+001
6.002000e+001,6.100000e+001,5.397514e+001,5.276991e+001,7.024860e+000
6.004000e+001,6.500000e+001,5.399732e+001,5.278229e+001,1.100268e+001
6.006000e+001,6.100000e+001,5.401913e+001,5.279382e+001,6.980875e+000
6.008000e+001,5.300000e+001,5.404056e+001,5.280451e+001,-1.040559e+000
6.010000e+001,6.200000e+001,5.406162e+001,5.281435e+001,7.938378e+000
6.012000e+001,5.800000e+001,5.408231e+001,5.282334e+001,3.917686e+000
6.014000e+001,6.000000e+001,5.410264e+001,5.283149e+001,5.897361e+000
6.016000e+001,5.500000e+001,5.412260e+001,5.283880e+001,8.773999e-001
6.018000e+001,4.900000e+001,5.414220e+001,5.284527e+001,-5.142201e+000
6.020000e+001,6.300000e+001,5.416145e+001,5.285090e+001,8.838554e+000
6.022000e+001,6.900000e+001,5.418034e+001,5.285569e+001,1.481966e+001
6.024000e+001,5.600000e+001,5.419890e+001,5.285964e+001,1.801104e+000
6.026000e+001,5.700000e+001,5.421711e+001,5.286275e+001,2.782886e+000
6.028000e+001,7.400000e+001,5.423500e+001,5.286502e+001,1.976500e+001
6.030000e+001,5.200000e+001,5.425258e+001,5.286646e+001,-2.252577e+000
6.032000e+001,5.300000e+001,5.426984e+001,5.286707e+001,-1.269840e+000
6.034000e+001,4.400000e+001,5.428680e+001,5.286684e+001,-1.028680e+001
6.036000e+001,6.300000e+001,5.430348e+001,5.286577e+001,8.696519e+000
6.038000e+001,5.700000e+001,5.431988e+001,5.286388e+001,2.680117e+000
6.040000e+001,5.600000e+001,5.433602e+001,5.286115e+001,1.663978e+000
6.042000e+001,5.500000e+001,5.435191e+001,5.285759e+001,6.480881e-001
6.044000e+001,5.600000e+001,5.436757e+001,5.285321e+001,1.632433e+000
6.046000e+001,4.400000e+001,5.438300e+001,5.284799e+001,-1.038300e+001
6.048000e+001,6.100000e+001,5.439824e+001,5.284195e+001,6.601764e+000
6.050000e+001,7.100000e+001,5.441328e+001,5.283508e+001,1.658672e+001
6.052000e+001,5.300000e+001,5.442816e+001,5.282738e+001,-1.428160e+000
6.054000e+001,5.900000e+001,5.444289e+001,5.281886e+001,4.557111e+000
6.056000e+001,6.800000e+001,5.445749e+001,5.280952e+001,1.354251e+001
6.058000e+001,6.600000e+001,5.447198e+001,5.279935e+001,1.152802e+001
6.060000e+001,6.200000e+001,5.448639e+001,5.278836e+001,7.513615e+000
6.062000e+001,6.000000e+001,5.450073e+001,5.277655e+001,5.499273e+000
6.064000e+001,4.800000e+001,5.451503e+001,5.276392e+001,-6.515031e+000
6.066000e+001,6.700000e+001,5.452932e+001,5.275047e+001,1.247068e+001
6.068000e+001,4.700000e+001,5.454363e+001,5.273620e+001,-7.543625e+000
6.070000e+001,5.300000e+001,5.455797e+001,5.272112e+001,-1.557971e+000
6.072000e+001,5.300000e+001,5.457239e+001,5.270522e+001,-1.572389e+000
6.074000e+001,4.700000e+001,5.458691e+001,5.268850e+001,-7.586910e+000
6.076000e+001,7.400000e+001,5.460157e+001,5.267097e+001,1.939843e+001
6.078000e+001,4.500000e+001,5.461639e+001,5.265262e+001,-9.616392e+000
6.080000e+001,5.200000e+001,5.463142e+001,5.263347e+001,-2.631424e+000
6.082000e+001,4.400000e+001,5.464670e+001,5.261350e+001,-1.064670e+001
6.084000e+001,5.400000e+001,5.466226e+001,5.259272e+001,-6.622573e-001
6.086000e+001,6.200000e+001,5.467814e+001,5.257113e+001,7.321859e+000
6.088000e+001,5.700000e+001,5.469439e+001,5.254873e+001,2.305606e+000
6.090000e+001,4.700000e+001,5.471106e+001,5.252552e+001,-7.711061e+000
6.092000e+001,4.200000e+001,5.472819e+001,5.250150e+001,-1.272819e+001
6.094000e+001,4.900000e+001,5.474584e+001,5.247668e+001,-5.745839e+000
6.096000e+001,6.200000e+001,5.476405e+001,5.245106e+001,7.235946e+000
6.098000e+001,6.200000e+001,5.478289e+001,5.242462e+001,7.217106e+000
6.100000e+001,5.500000e+001,5.480242e+001,5.239739e+001,1.975805e-001
6.102000e+001,6.200000e+001,5.482269e+001,5.236935e+001,7.177308e+000
6.104000e+001,6.500000e+001,5.484378e+001,5.234052e+001,1.015622e+001
6.106000e+001,3.700000e+001,5.486575e+001,5.231088e+001,-1.786575e+001
6.108000e+001,4.900000e+001,5.488868e+001,5.228044e+001,-5.888679e+000
6.110000e+001,5.100000e+001,5.491264e+001,5.224920e+001,-3.912643e+000
6.112000e+001,4.600000e+001,5.493773e+001,5.221717e+001,-8.937726e+000
6.114000e+001,4.100000e+001,5.496401e+001,5.218433e+001,-1.396401e+001
6.116000e+001,6.100000e+001,5.499160e+001,5.215070e+001,6.008401e+000
6.118000e+001,4.600000e+001,5.502058e+001,5.211628e+001,-9.020579e+000
6.120000e+001,6.800000e+001,5.505106e+001,5.208106e+001,1.294894e+001
6.122000e+001,5.400000e+001,5.508314e+001,5.204505e+001,-1.083143e+000
6.124000e+001,6.400000e+001,5.511695e+001,5.200825e+001,8.883048e+000
6.126000e+001,4.800000e+001,5.515261e+001,5.197065e+001,-7.152609e+000
6.128000e+001,6.100000e+001,5.519024e+001,5.193227e+001,5.809757e+000
6.130000e+001,6.000000e+001,5.522999e+001,5.189310e+001,4.770007e+000
6.132000e+001,5.400000e+001,5.527201e+001,5.185313e+001,-1.272009e+000
6.134000e+001,4.900000e+001,5.531645e+001,5.181238e+001,-6.316446e+000
6.136000e+001,5.400000e+001,5.536347e+001,5.177084e+001,-1.363472e+000
6.138000e+001,5.400000e+001,5.541327e+001,5.172852e+001,-1.413267e+000
6.140000e+001,6.000000e+001,5.546602e+001,5.168541e+001,4.533980e+000
6.142000e+001,4.800000e+001,5.552194e+001,5.164152e+001,-7.521936e+000
6.144000e+001,6.900000e+001,5.558123e+001,5.159685e+001,1.341877e+001
6.146000e+001,5.300000e+001,5.564414e+001,5.155139e+001,-2.644138e+000
6.148000e+001,5.000000e+001,5.571091e+001,5.150515e+001,-5.710907e+000
6.150000e+001,6.300000e+001,5.578180e+001,5.145813e+001,7.218196e+000
6.152000e+001,6.200000e+001,5.585711e+001,5.141033e+001,6.142885e+000
6.154000e+001,4.800000e+001,5.593715e+001,5.136176e+001,-7.937147e+000
6.156000e+001,5.800000e+001,5.602223e+001,5.131240e+001,1.977769e+000
6.158000e+001,5.700000e+001,5.611272e+001,5.126227e+001,8.872776e-001
6.160000e+001,5.600000e+001,5.620900e+001,5.121137e+001,-2.090030e-001
6.162000e+001,6.500000e+001,5.631149e+001,5.115969e+001,8.688514e+000
6.164000e+001,5.700000e+001,5.642062e+001,5.110723e+001,5.793847e-001
6.166000e+001,5.600000e+001,5.653687e+001,5.105400e+001,-5.368733e-001
6.168000e+001,7.300000e+001,5.666078e+001,5.100001e+001,1.633922e+001
6.170000e+001,6.100000e+001,5.679290e+001,5.094524e+001,4.207100e+000
6.172000e+001,5.700000e+001,5.693384e+001,5.088970e+001,6.615683e-002
6.174000e+001,6.200000e+001,5.708428e+001,5.083339e+001,4.915725e+000
6.176000e+001,7.100000e+001,5.724492e+001,5.077631e+001,1.375508e+001
6.178000e+001,6.200000e+001,5.741656e+001,5.071847e+001,4.583442e+000
6.180000e+001,5.400000e+001,5.760005e+001,5.065985e+001,-3.600053e+000
6.182000e+001,5.900000e+001,5.779634e+001,5.060048e+001,1.203659e+000
6.184000e+001,4.900000e+001,5.800644e+001,5.054034e+001,-9.006445e+000
6.186000e+001,7.100000e+001,5.823149e+001,5.047943e+001,1.276851e+001
6.188000e+001,5.500000e+001,5.847270e+001,5.041777e+001,-3.472705e+000
6.190000e+001,5.500000e+001,5.873145e+001,5.035534e+001,-3.731447e+000
6.192000e+001,5.100000e+001,5.900921e+001,5.029215e+001,-8.009207e+000
6.194000e+001,5.900000e+001,5.930763e+001,5.022820e+001,-3.076305e-001
6.196000e+001,6.700000e+001,5.962853e+001,5.016349e+001,7.371465e+000
6.198000e+001,6.200000e+001,5.997393e+001,5.009803e+001,2.026067e+000
6.200000e+001,5.500000e+001,6.034606e+001,5.003180e+001,-5.346060e+000
6.202000e+001,6.500000e+001,6.074740e+001,4.996483e+001,4.252602e+000
6.204000e+001,6.800000e+001,6.118071e+001,4.989709e+001,6.819286e+000
6.206000e+001,6.600000e+001,6.164910e+001,4.982860e+001,4.350902e+000
6.208000e+001,6.800000e+001,6.215601e+001,4.975936e+001,5.843993e+000
6.210000e+001,5.700000e+001,6.270532e+001,4.968937e+001,-5.705320e+000
6.212000e+001,6.300000e+001,6.330140e+001,4.961862e+001,-3.013970e-001
6.214000e+001,5.300000e+001,6.394916e+001,4.954713e+001,-1.094916e+001
6.216000e+001,6.100000e+001,6.465415e+001,4.947488e+001,-3.654155e+000
6.218000e+001,4.900000e+001,6.542269e+001,4.940189e+001,-1.642269e+001
6.220000e+001,6.500000e+001,6.626192e+001,4.932814e+001,-1.261920e+000
6.222000e+001,5.700000e+001,6.718000e+001,4.925366e+001,-1.018000e+001
6.224000e+001,6.500000e+001,6.818625e+001,4.917842e+001,-3.186250e+000
6.226000e+001,6.000000e+001,6.929136e+001,4.910244e+001,-9.291356e+000
6.228000e+001,6.700000e+001,7.050761e+001,4.902573e+001,-3.507609e+000
6.230000e+001,7.300000e+001,7.184918e+001,4.894829e+001,1.150819e+000
6.232000e+001,8.500000e+001,7.333246e+001,4.887014e+001,1.166754e+001
6.234000e+001,8.900000e+001,7.497647e+001,4.879129e+001,1.402353e+001
6.236000e+001,8.200000e+001,7.680334e+001,4.871174e+001,5.196658e+000
6.238000e+001,8.300000e+001,7.883890e+001,4.863151e+001,4.161102e+000
6.240000e+001,9.600000e+001,8.111338e+001,4.855060e+001,1.488662e+001
6.242000e+001,1.010000e+002,8.366229e+001,4.846903e+001,1.733771e+001
6.244000e+001,7.000000e+001,8.652738e+001,4.838681e+001,-1.652738e+001
6.246000e+001,9.200000e+001,8.975790e+001,4.830395e+001,2.242105e+000
6.248000e+001,9.000000e+001,9.341193e+001,4.822045e+001,-3.411926e+000
6.250000e+001,1.050000e+002,9.755801e+001,4.813634e+001,7.441988e+000
6.252000e+001,1.020000e+002,1.022769e+002,4.805161e+001,-2.768526e-001
6.254000e+001,9.900000e+001,1.076630e+002,4.796628e+001,-8.663022e+000
6.256000e+001,1.200000e+002,1.138264e+002,4.788036e+001,6.173606e+000
6.258000e+001,1.380000e+002,1.208928e+002,4.779386e+001,1.710724e+001
6.260000e+001,1.300000e+002,1.290026e+002,4.770678e+001,9.973675e-001
6.262000e+001,1.360000e+002,1.383067e+002,4.761915e+001,-2.306716e+000
6.264000e+001,1.580000e+002,1.489553e+002,4.753097e+001,9.044690e+000
6.266000e+001,1.680000e+002,1.610780e+002,4.744225e+001,6.922045e+000
6.268000e+001,1.610000e+002,1.747483e+002,4.735300e+001,-1.374825e+001
6.270000e+001,2.060000e+002,1.899289e+002,4.726323e+001,1.607111e+001
6.272000e+001,1.930000e+002,2.063954e+002,4.717295e+001,-1.339540e+001
6.274000e+001,2.160000e+002,2.236482e+002,4.708217e+001,-7.648222e+000
6.276000e+001,2.350000e+002,2.408438e+002,4.699090e+001,-5.843804e+000
6.278000e+001,2.460000e+002,2.568031e+002,4.689916e+001,-1.080306e+001
6.280000e+001,2.880000e+002,2.701643e+002,4.680695e+001,1.783571e+001
6.282000e+001,2.960000e+002,2.797003e+002,4.671428e+001,1.629967e+001
6.284000e+001,3.020000e+002,2.847356e+002,4.662116e+001,1.726441e+001
6.286000e+001,2.870000e+002,2.854494e+002,4.652761e+001,1.550588e+000
6.288000e+001,2.740000e+002,2.825036e+002,4.643363e+001,-8.503643e+000
6.290000e+001,2.880000e+002,2.768486e+002,4.633923e+001,1.115139e+001
6.292000e+001,2.540000e+002,2.693861e+002,4.624443e+001,-1.538613e+001
6.294000e+001,2.480000e+002,2.607087e+002,4.614923e+001,-1.270875e+001
6.296000e+001,2.720000e+002,2.510165e+002,4.605364e+001,2.098348e+001
6.298000e+001,2.310000e+002,2.402107e+002,4.595768e+001,-9.210692e+000
6.300000e+001,2.260000e+002,2.281091e+002,4.586136e+001,-2.109108e+000
6.302000e+001,2.450000e+002,2.147169e+002,4.576468e+001,3.028311e+001
6.304000e+001,2.050000e+002,2.003288e+002,4.566765e+001,4.671162e+000
6.306000e+001,1.810000e+002,1.853915e+002,4.557029e+001,-4.391453e+000
6.308000e+001,1.790000e+002,1.704435e+002,4.547261e+001,8.556478e+000
6.310000e+001,1.270000e+002,1.559874e+002,4.537461e+001,-2.898738e+001
6.312000e+001,1.270000e+002,1.424077e+002,4.527631e+001,-1.540773e+001
6.314000e+001,1.340000e+002,1.299504e+002,4.517771e+001,4.049560e+000
6.316000e+001,1.170000e+002,1.187394e+002,4.507884e+001,-1.739445e+000
6.318000e+001,1.010000e+002,1.088069e+002,4.497969e+001,-7.806938e+000
6.320000e+001,1.170000e+002,1.001220e+002,4.488027e+001,1.687797e+001
6.322000e+001,1.120000e+002,9.261293e+001,4.478061e+001,1.938707e+001
6.324000e+001,9.200000e+001,8.618269e+001,4.468070e+001,5.817308e+000
6.326000e+001,8.000000e+001,8.072048e+001,4.458056e+001,-7.204771e-001
6.328000e+001,7.900000e+001,7.610968e+001,4.448020e+001,2.890317e+000
6.330000e+001,8.400000e+001,7.223417e+001,4.437963e+001,1.176583e+001
6.332000e+001,7.500000e+001,6.898299e+001,4.427886e+001,6.017011e+000
6.334000e+001,7.700000e+001,6.625382e+001,4.417789e+001,1.074618e+001
6.336000e+001,7.500000e+001,6.395524e+001,4.407675e+001,1.104476e+001
6.338000e+001,8.100000e+001,6.200786e+001,4.397544e+001,1.899214e+001
6.340000e+001,6.000000e+001,6.034457e+001,4.387396e+001,-3.445704e-001
6.342000e+001,7.300000e+001,5.890991e+001,4.377234e+001,1.409009e+001
6.344000e+001,5.300000e+001,5.765903e+001,4.367058e+001,-4.659027e+000
6.346000e+001,6.700000e+001,5.655628e+001,4.356868e+001,1.044372e+001
6.348000e+001,6.200000e+001,5.557370e+001,4.346667e+001,6.426296e+000
6.350000e+001,4.600000e+001,5.468960e+001,4.336455e+001,-8.689599e+000
6.352000e+001,5.800000e+001,5.388716e+001,4.326234e+001,4.112840e+000
6.354000e+001,5.100000e+001,5.315338e+001,4.316003e+001,-2.153375e+000
6.356000e+001,6.300000e+001,5.247809e+001,4.305765e+001,1.052191e+001
6.358000e+001,4.000000e+001,5.185331e+001,4.295520e+001,-1.185331e+001
6.360000e+001,4.700000e+001,5.127262e+001,4.285269e+001,-4.272615e+000
6.362000e+001,5.000000e+001,5.073078e+001,4.275013e+001,-7.307790e-001
6.364000e+001,5.500000e+001,5.022347e+001,4.264754e+001,4.776529e+000
6.366000e+001,4.700000e+001,4.974704e+001,4.254492e+001,-2.747039e+000
6.368000e+001,4.500000e+001,4.929836e+001,4.244229e+001,-4.298362e+000
6.370000e+001,5.200000e+001,4.887474e+001,4.233965e+001,3.125261e+000
6.372000e+001,5.000000e+001,4.847381e+001,4.223701e+001,1.526186e+000
6.374000e+001,4.200000e+001,4.809351e+001,4.213439e+001,-6.093512e+000
6.376000e+001,5.400000e+001,4.773200e+001,4.203179e+001,6.268001e+000
6.378000e+001,4.200000e+001,4.738765e+001,4.192923e+001,-5.387646e+000
6.380000e+001,4.000000e+001,4.705900e+001,4.182672e+001,-7.059000e+000
6.382000e+001,4.600000e+001,4.674476e+001,4.172425e+001,-7.447614e-001
6.384000e+001,4.500000e+001,4.644376e+001,4.162186e+001,-1.443764e+000
6.386000e+001,4.800000e+001,4.615496e+001,4.151954e+001,1.845039e+000
6.388000e+001,4.900000e+001,4.587741e+001,4.141731e+001,3.122591e+000
6.390000e+001,3.700000e+001,4.561026e+001,4.131517e+001,-8.610255e+000
6.392000e+001,4.700000e+001,4.535273e+001,4.121315e+001,1.647269e+000
6.394000e+001,4.000000e+001,4.510414e+001,4.111123e+001,-5.104138e+000
6.396000e+001,6.100000e+001,4.486384e+001,4.100945e+001,1.613616e+001
6.398000e+001,4.500000e+001,4.463127e+001,4.090780e+001,3.687272e-001
6.400000e+001,4.600000e+001,4.440590e+001,4.080631e+001,1.594099e+000
6.402000e+001,4.500000e+001,4.418725e+001,4.070497e+001,8.127477e-001
6.404000e+001,4.600000e+001,4.397489e+001,4.060380e+001,2.025110e+000
6.406000e+001,5.000000e+001,4.376841e+001,4.050280e+001,6.231585e+000
6.408000e+001,3.800000e+001,4.356746e+001,4.040200e+001,-5.567463e+000
6.410000e+001,4.400000e+001,4.337170e+001,4.030140e+001,6.282993e-001
6.412000e+001,4.700000e+001,4.318082e+001,4.020100e+001,3.819180e+000
6.414000e+001,3.000000e+001,4.299454e+001,4.010083e+001,-1.299454e+001
6.416000e+001,5.700000e+001,4.281260e+001,4.000088e+001,1.418740e+001
6.418000e+001,3.400000e+001,4.263477e+001,3.990118e+001,-8.634765e+000
6.420000e+001,2.700000e+001,4.246081e+001,3.980173e+001,-1.546081e+001
6.422000e+001,3.500000e+001,4.229054e+001,3.970254e+001,-7.290538e+000
6.424000e+001,5.000000e+001,4.212376e+001,3.960362e+001,7.876243e+000
6.426000e+001,5.200000e+001,4.196030e+001,3.950498e+001,1.003970e+001
6.428000e+001,3.300000e+001,4.180000e+001,3.940663e+001,-8.799995e+000
6.430000e+001,3.000000e+001,4.164271e+001,3.930858e+001,-1.164271e+001
6.432000e+001,4.400000e+001,4.148829e+001,3.921085e+001,2.511708e+000
6.434000e+001,3.400000e+001,4.133663e+001,3.911344e+001,-7.336626e+000
6.436000e+001,5.000000e+001,4.118759e+001,3.901636e+001,8.812410e+000
6.438000e+001,3.400000e+001,4.104108e+001,3.891962e+001,-7.041075e+000
6.440000e+001,3.200000e+001,4.089698e+001,3.882324e+001,-8.896980e+000
6.442000e+001,4.900000e+001,4.075521e+001,3.872722e+001,8.244789e+000
6.444000e+001,5.600000e+001,4.061568e+001,3.863158e+001,1.538432e+001
6.446000e+001,4.700000e+001,4.047831e+001,3.853632e+001,6.521694e+000
6.448000e+001,3.600000e+001,4.034301e+001,3.844145e+001,-4.343015e+000
6.450000e+001,3.400000e+001,4.020973e+001,3.834699e+001,-6.209735e+000
6.452000e+001,4.500000e+001,4.007840e+001,3.825295e+001,4.921598e+000
6.454000e+001,2.800000e+001,3.994896e+001,3.815933e+001,-1.194896e+001
6.456000e+001,2.900000e+001,3.982134e+001,3.806614e+001,-1.082134e+001
6.458000e+001,3.500000e+001,3.969550e+001,3.797340e+001,-4.695499e+000
6.460000e+001,5.200000e+001,3.957139e+001,3.788112e+001,1.242861e+001
6.462000e+001,3.000000e+001,3.944896e+001,3.778930e+001,-9.448963e+000
6.464000e+001,4.400000e+001,3.932818e+001,3.769796e+001,4.671822e+000
6.466000e+001,3.700000e+001,3.920900e+001,3.760710e+001,-2.208996e+000
6.468000e+001,2.800000e+001,3.909138e+001,3.751674e+001,-1.109138e+001
6.470000e+001,4.300000e+001,3.897530e+001,3.742689e+001,4.024700e+000
6.472000e+001,3.900000e+001,3.886072e+001,3.733756e+001,1.392795e-001
6.474000e+001,3.200000e+001,3.874761e+001,3.724876e+001,-6.747614e+000
6.476000e+001,4.000000e+001,3.863596e+001,3.716049e+001,1.364045e+000
6.478000e+001,5.100000e+001,3.852572e+001,3.707277e+001,1.247428e+001
6.480000e+001,4.100000e+001,3.841688e+001,3.698561e+001,2.583120e+000
6.482000e+001,4.900000e+001,3.830942e+001,3.689902e+001,1.069058e+001
6.484000e+001,5.000000e+001,3.820332e+001,3.681301e+001,1.179668e+001
6.486000e+001,2.700000e+001,3.809856e+001,3.672758e+001,-1.109856e+001
6.488000e+001,4.200000e+001,3.799513e+001,3.664276e+001,4.004870e+000
6.490000e+001,3.400000e+001,3.789301e+001,3.655855e+001,-3.893009e+000
6.492000e+001,3.100000e+001,3.779218e+001,3.647495e+001,-6.792184e+000
6.494000e+001,2.500000e+001,3.769265e+001,3.639199e+001,-1.269265e+001
6.496000e+001,2.800000e+001,3.759438e+001,3.630967e+001,-9.594381e+000
6.498000e+001,3.500000e+001,3.749738e+001,3.622800e+001,-2.497381e+000
6.500000e+001,3.300000e+001,3.740164e+001,3.614699e+001,-4.401637e+000
6.502000e+001,4.800000e+001,3.730714e+001,3.606665e+001,1.069286e+001
6.504000e+001,4.000000e+001,3.721389e+001,3.598699e+001,2.786114e+000
6.506000e+001,3.600000e+001,3.712187e+001,3.590803e+001,-1.121866e+000
6.508000e+001,3.300000e+001,3.703108e+001,3.582977e+001,-4.031078e+000
6.510000e+001,3.600000e+001,3.694152e+001,3.575222e+001,-9.415152e-001
6.512000e+001,3.100000e+001,3.685318e+001,3.567539e+001,-5.853176e+000
6.514000e+001,3.600000e+001,3.676606e+001,3.559930e+001,-7.660567e-001
6.516000e+001,4.200000e+001,3.668016e+001,3.552395e+001,5.319844e+000
6.518000e+001,2.700000e+001,3.659547e+001,3.544935e+001,-9.595473e+000
6.520000e+001,3.900000e+001,3.651201e+001,3.537552e+001,2.487993e+000
6.522000e+001,3.400000e+001,3.642976e+001,3.530246e+001,-2.429757e+000
6.524000e+001,3.100000e+001,3.634873e+001,3.523019e+001,-5.348725e+000
6.526000e+001,3.700000e+001,3.626891e+001,3.515871e+001,7.310878e-001
6.528000e+001,3.900000e+001,3.619032e+001,3.508803e+001,2.809680e+000
6.530000e+001,4.500000e+001,3.611295e+001,3.501817e+001,8.887049e+000
6.532000e+001,3.100000e+001,3.603681e+001,3.494914e+001,-5.036808e+000
6.534000e+001,2.800000e+001,3.596190e+001,3.488094e+001,-7.961895e+000
6.536000e+001,3.100000e+001,3.588822e+001,3.481359e+001,-4.888216e+000
6.538000e+001,4.100000e+001,3.581577e+001,3.474709e+001,5.184225e+000
6.540000e+001,2.600000e+001,3.574458e+001,3.468146e+001,-9.744576e+000
6.542000e+001,4.300000e+001,3.567463e+001,3.461671e+001,7.325373e+000
6.544000e+001,4.400000e+001,3.560593e+001,3.455285e+001,8.394069e+000
6.546000e+001,4.200000e+001,3.553850e+001,3.448988e+001,6.461504e+000
6.548000e+001,3.900000e+001,3.547233e+001,3.442782e+001,3.527672e+000
6.550000e+001,3.100000e+001,3.540743e+001,3.436667e+001,-4.407434e+000
6.552000e+001,3.000000e+001,3.534382e+001,3.430646e+001,-5.343823e+000
6.554000e+001,3.500000e+001,3.528150e+001,3.424718e+001,-2.815018e-001
6.556000e+001,4.400000e+001,3.522048e+001,3.418886e+001,8.779519e+000
6.558000e+001,3.500000e+001,3.516077e+001,3.413149e+001,-1.607691e-001
6.560000e+001,3.100000e+001,3.510238e+001,3.407509e+001,-4.102380e+000
6.562000e+001,2.600000e+001,3.504533e+001,3.401967e+001,-9.045328e+000
6.564000e+001,3.700000e+001,3.498963e+001,3.396524e+001,2.010366e+000
6.566000e+001,3.400000e+001,3.493533e+001,3.391181e+001,-9.353274e-001
6.568000e+001,3.700000e+001,3.488245e+001,3.385939e+001,2.117545e+000
6.570000e+001,2.000000e+001,3.483109e+001,3.380799e+001,-1.483109e+001
6.572000e+001,3.800000e+001,3.478135e+001,3.375762e+001,3.218649e+000
6.574000e+001,4.400000e+001,3.473343e+001,3.370829e+001,9.266568e+000
6.576000e+001,4.400000e+001,3.468765e+001,3.366001e+001,9.312355e+000
6.578000e+001,3.800000e+001,3.464449e+001,3.361280e+001,3.355508e+000
6.580000e+001,4.000000e+001,3.460476e+001,3.356665e+001,5.395242e+000
6.582000e+001,3.000000e+001,3.456965e+001,3.352159e+001,-4.569653e+000
6.584000e+001,3.800000e+001,3.454100e+001,3.347762e+001,3.458996e+000
6.586000e+001,3.700000e+001,3.452151e+001,3.343476e+001,2.478492e+000
6.588000e+001,4.400000e+001,3.451506e+001,3.339300e+001,9.484944e+000
6.590000e+001,4.400000e+001,3.452713e+001,3.335237e+001,9.472875e+000
6.592000e+001,2.600000e+001,3.456524e+001,3.331287e+001,-8.565240e+000
6.594000e+001,2.900000e+001,3.463946e+001,3.327452e+001,-5.639460e+000
6.596000e+001,4.900000e+001,3.476288e+001,3.323732e+001,1.423712e+001
6.598000e+001,4.000000e+001,3.495204e+001,3.320129e+001,5.047962e+000
6.600000e+001,4.700000e+001,3.522719e+001,3.316642e+001,1.177281e+001
6.602000e+001,4.600000e+001,3.561230e+001,3.313272e+001,1.038770e+001
6.604000e+001,3.100000e+001,3.613466e+001,3.310017e+001,-5.134661e+000
6.606000e+001,3.400000e+001,3.682403e+001,3.306877e+001,-2.824031e+000
6.608000e+001,4.600000e+001,3.771121e+001,3.303850e+001,8.288786e+000
6.610000e+001,3.400000e+001,3.882601e+001,3.300935e+001,-4.826007e+000
6.612000e+001,3.700000e+001,4.019461e+001,3.298131e+001,-3.194605e+000
6.614000e+001,4.500000e+001,4.183658e+001,3.295438e+001,3.163420e+000
6.616000e+001,4.200000e+001,4.376167e+001,3.292853e+001,-1.761669e+000
6.618000e+001,5.400000e+001,4.596671e+001,3.290377e+001,8.033290e+000
6.620000e+001,5.600000e+001,4.843308e+001,3.288007e+001,7.566915e+000
6.622000e+001,5.800000e+001,5.112510e+001,3.285744e+001,6.874901e+000
6.624000e+001,4.300000e+001,5.398964e+001,3.283585e+001,-1.098964e+001
6.626000e+001,5.600000e+001,5.695733e+001,3.281530e+001,-9.573318e-001
6.628000e+001,7.200000e+001,5.994536e+001,3.279579e+001,1.205464e+001
6.630000e+001,7.000000e+001,6.286170e+001,3.277728e+001,7.138300e+000
6.632000e+001,6.900000e+001,6.561052e+001,3.275979e+001,3.389480e+000
6.634000e+001,8.000000e+001,6.809825e+001,3.274329e+001,1.190175e+001
6.636000e+001,7.900000e+001,7.023963e+001,3.272778e+001,8.760368e+000
6.638000e+001,6.900000e+001,7.196317e+001,3.271324e+001,-2.963174e+000
6.640000e+001,8.000000e+001,7.288126e+001,3.269967e+001,7.118741e+000
6.642000e+001,6.300000e+001,7.056576e+001,3.268706e+001,-7.565758e+000
6.644000e+001,8.600000e+001,6.671363e+001,3.267539e+001,1.928637e+001
6.646000e+001,7.000000e+001,6.361085e+001,3.266465e+001,6.389153e+000
6.648000e+001,6.000000e+001,6.191940e+001,3.265484e+001,-1.919400e+000
6.650000e+001,5.300000e+001,6.122418e+001,3.264594e+001,-8.224176e+000
6.652000e+001,7.200000e+001,6.089088e+001,3.263794e+001,1.110912e+001
6.654000e+001,7.400000e+001,6.047678e+001,3.263084e+001,1.352322e+001
6.656000e+001,6.000000e+001,5.978932e+001,3.262461e+001,2.106840e-001
6.658000e+001,6.000000e+001,5.879969e+001,3.261926e+001,1.200312e+000
6.660000e+001,5.200000e+001,5.653189e+001,3.261477e+001,-4.531895e+000
6.662000e+001,7.400000e+001,5.310152e+001,3.261113e+001,2.089848e+001
6.664000e+001,4.900000e+001,4.986543e+001,3.260833e+001,-8.654253e-001
6.666000e+001,4.600000e+001,4.746057e+001,3.260636e+001,-1.460568e+000
6.668000e+001,5.200000e+001,4.582408e+001,3.260521e+001,6.175917e+000
6.670000e+001,4.700000e+001,4.465217e+001,3.260487e+001,2.347826e+000
6.672000e+001,5.000000e+001,4.368888e+001,3.260532e+001,6.311119e+000
6.674000e+001,4.700000e+001,4.280254e+001,3.260657e+001,4.197463e+000
6.676000e+001,5.000000e+001,4.195578e+001,3.260859e+001,8.044224e+000
6.678000e+001,4.300000e+001,4.116710e+001,3.261138e+001,1.832905e+000
6.680000e+001,4.300000e+001,4.045550e+001,3.261492e+001,2.544499e+000
6.682000e+001,4.700000e+001,3.983456e+001,3.261921e+001,7.165439e+000
6.684000e+001,3.900000e+001,3.930613e+001,3.262423e+001,-3.061286e-001
6.686000e+001,3.600000e+001,3.886366e+001,3.262998e+001,-2.863662e+000
6.688000e+001,3.800000e+001,3.849670e+001,3.263645e+001,-4.967010e-001
6.690000e+001,4.000000e+001,3.819414e+001,3.264362e+001,1.805864e+000
6.692000e+001,3.200000e+001,3.794443e+001,3.265148e+001,-5.944435e+000
6.694000e+001,4.100000e+001,3.774208e+001,3.266003e+001,3.257919e+000
6.696000e+001,4.200000e+001,3.757877e+001,3.266925e+001,4.421229e+000
6.698000e+001,3.800000e+001,3.744906e+001,3.267913e+001,5.509397e-001
6.700000e+001,3.300000e+001,3.734864e+001,3.268966e+001,-4.348638e+000
6.702000e+001,2.800000e+001,3.727410e+001,3.270084e+001,-9.274099e+000
6.704000e+001,3.900000e+001,3.722276e+001,3.271264e+001,1.777235e+000
6.706000e+001,4.400000e+001,3.719255e+001,3.272507e+001,6.807449e+000
6.708000e+001,3.200000e+001,3.718188e+001,3.273811e+001,-5.181875e+000
6.710000e+001,4.200000e+001,3.718960e+001,3.275174e+001,4.810404e+000
6.712000e+001,3.900000e+001,3.721498e+001,3.276597e+001,1.785017e+000
6.714000e+001,3.200000e+001,3.725771e+001,3.278077e+001,-5.257714e+000
6.716000e+001,2.500000e+001,3.731791e+001,3.279614e+001,-1.231791e+001
6.718000e+001,4.000000e+001,3.739622e+001,3.281207e+001,2.603783e+000
6.720000e+001,3.300000e+001,3.749389e+001,3.282855e+001,-4.493890e+000
6.722000e+001,4.200000e+001,3.761300e+001,3.284557e+001,4.386996e+000
6.724000e+001,3.400000e+001,3.775667e+001,3.286311e+001,-3.756672e+000
6.726000e+001,4.100000e+001,3.792938e+001,3.288116e+001,3.070620e+000
6.728000e+001,3.400000e+001,3.813741e+001,3.289973e+001,-4.137413e+000
6.730000e+001,5.400000e+001,3.838939e+001,3.291878e+001,1.561061e+001
6.732000e+001,4.500000e+001,3.869694e+001,3.293833e+001,6.303062e+000
6.734000e+001,4.400000e+001,3.907548e+001,3.295834e+001,4.924522e+000
6.736000e+001,4.100000e+001,3.954515e+001,3.297882e+001,1.454851e+000
6.738000e+001,4.700000e+001,4.013184e+001,3.299976e+001,6.868162e+000
6.740000e+001,3.900000e+001,4.086826e+001,3.302114e+001,-1.868264e+000
6.742000e+001,4.400000e+001,4.179508e+001,3.304294e+001,2.204924e+000
6.744000e+001,4.000000e+001,4.296186e+001,3.306518e+001,-2.961863e+000
6.746000e+001,7.000000e+001,4.442796e+001,3.308782e+001,2.557204e+001
6.748000e+001,4.600000e+001,4.626291e+001,3.311086e+001,-2.629132e-001
6.750000e+001,4.800000e+001,4.854645e+001,3.313430e+001,-5.464544e-001
6.752000e+001,6.800000e+001,5.136779e+001,3.315811e+001,1.663221e+001
6.754000e+001,7.500000e+001,5.482406e+001,3.318230e+001,2.017594e+001
6.756000e+001,6.100000e+001,5.901789e+001,3.320684e+001,1.982111e+000
6.758000e+001,7.500000e+001,6.405379e+001,3.323173e+001,1.094621e+001
6.760000e+001,8.000000e+001,7.003363e+001,3.325696e+001,9.966373e+000
6.762000e+001,8.800000e+001,7.705100e+001,3.328252e+001,1.094900e+001
6.764000e+001,9.300000e+001,8.518488e+001,3.330840e+001,7.815125e+000
6.766000e+001,8.800000e+001,9.449269e+001,3.333458e+001,-6.492691e+000
6.768000e+001,1.070000e+002,1.050033e+002,3.336106e+001,1.996733e+000
6.770000e+001,1.110000e+002,1.167100e+002,3.338783e+001,-5.710012e+000
6.772000e+001,1.200000e+002,1.295648e+002,3.341487e+001,-9.564840e+000
6.774000e+001,1.320000e+002,1.434732e+002,3.344218e+001,-1.147322e+001
6.776000e+001,1.440000e+002,1.582907e+002,3.346974e+001,-1.429065e+001
6.778000e+001,1.700000e+002,1.738209e+002,3.349755e+001,-3.820920e+000
6.780000e+001,1.930000e+002,1.898161e+002,3.352559e+001,3.183909e+000
6.782000e+001,1.990000e+002,2.059786e+002,3.355385e+001,-6.978641e+000
6.784000e+001,2.180000e+002,2.219660e+002,3.358233e+001,-3.966026e+000
6.786000e+001,2.610000e+002,2.373986e+002,3.361101e+001,2.360136e+001
6.788000e+001,2.900000e+002,2.518726e+002,3.363988e+001,3.812739e+001
6.790000e+001,2.830000e+002,2.649789e+002,3.366893e+001,1.802111e+001
6.792000e+001,2.710000e+002,2.763293e+002,3.369816e+001,-5.329304e+000
6.794000e+001,2.900000e+002,2.855872e+002,3.372754e+001,4.412759e+000
6.796000e+001,2.950000e+002,2.921460e+002,3.375708e+001,2.854011e+000
6.798000e+001,2.900000e+002,2.910173e+002,3.378675e+001,-1.017272e+000
6.800000e+001,2.870000e+002,2.822667e+002,3.381655e+001,4.733306e+000
6.802000e+001,2.600000e+002,2.688661e+002,3.384648e+001,-8.866134e+000
6.804000e+001,2.560000e+002,2.536177e+002,3.387651e+001,2.382291e+000
6.806000e+001,2.190000e+002,2.384296e+002,3.390664e+001,-1.942958e+001
6.808000e+001,2.410000e+002,2.242932e+002,3.393686e+001,1.670675e+001
6.810000e+001,2.250000e+002,2.115497e+002,3.396715e+001,1.345030e+001
6.812000e+001,2.350000e+002,2.001598e+002,3.399751e+001,3.484021e+001
6.814000e+001,1.700000e+002,1.898960e+002,3.402793e+001,-1.989600e+001
6.816000e+001,1.820000e+002,1.796182e+002,3.405839e+001,2.381813e+000
6.818000e+001,1.630000e+002,1.668693e+002,3.408889e+001,-3.869296e+000
6.820000e+001,1.620000e+002,1.524335e+002,3.411941e+001,9.566503e+000
6.822000e+001,1.460000e+002,1.376183e+002,3.414995e+001,8.381725e+000
6.824000e+001,1.270000e+002,1.235011e+002,3.418049e+001,3.498865e+000
6.826000e+001,9.800000e+001,1.107262e+002,3.421103e+001,-1.272624e+001
6.828000e+001,1.060000e+002,9.956766e+001,3.424155e+001,6.432344e+000
6.830000e+001,9.200000e+001,9.006226e+001,3.427204e+001,1.937743e+000
6.832000e+001,9.000000e+001,8.211624e+001,3.430249e+001,7.883759e+000
6.834000e+001,7.400000e+001,7.557103e+001,3.433289e+001,-1.571032e+000
6.836000e+001,8.000000e+001,7.024137e+001,3.436324e+001,9.758635e+000
6.838000e+001,5.500000e+001,6.593830e+001,3.439352e+001,-1.093830e+001
6.840000e+001,6.200000e+001,6.248407e+001,3.442371e+001,-4.840683e-001
6.842000e+001,6.500000e+001,5.972156e+001,3.445382e+001,5.278437e+000
6.844000e+001,5.500000e+001,5.751946e+001,3.448383e+001,-2.519463e+000
6.846000e+001,5.400000e+001,5.577376e+001,3.451372e+001,-1.773758e+000
6.848000e+001,6.100000e+001,5.440657e+001,3.454350e+001,6.593429e+000
6.850000e+001,5.300000e+001,5.336328e+001,3.457314e+001,-3.632814e-001
6.852000e+001,7.000000e+001,5.260892e+001,3.460264e+001,1.739108e+001
6.854000e+001,6.100000e+001,5.212454e+001,3.463199e+001,8.875463e+000
6.856000e+001,6.900000e+001,5.190394e+001,3.466117e+001,1.709606e+001
6.858000e+001,5.400000e+001,5.195101e+001,3.469018e+001,2.048991e+000
6.860000e+001,4.900000e+001,5.227745e+001,3.471901e+001,-3.277448e+000
6.862000e+001,6.800000e+001,5.290099e+001,3.474764e+001,1.509901e+001
6.864000e+001,4.700000e+001,5.384373e+001,3.477606e+001,-6.843730e+000
6.866000e+001,6.100000e+001,5.513061e+001,3.480428e+001,5.869388e+000
6.868000e+001,6.700000e+001,5.678778e+001,3.483226e+001,1.021222e+001
6.870000e+001,6.300000e+001,5.884089e+001,3.486001e+001,4.159107e+000
6.872000e+001,7.600000e+001,6.131326e+001,3.488751e+001,1.468674e+001
6.874000e+001,6.500000e+001,6.422389e+001,3.491475e+001,7.761059e-001
6.876000e+001,5.800000e+001,6.758550e+001,3.494173e+001,-9.585501e+000
6.878000e+001,7.600000e+001,7.140245e+001,3.496843e+001,4.597546e+000
6.880000e+001,7.700000e+001,7.566890e+001,3.499484e+001,1.331104e+000
6.882000e+001,7.600000e+001,8.036702e+001,3.502095e+001,-4.367022e+000
6.884000e+001,8.500000e+001,8.546564e+001,3.504675e+001,-4.656422e-001
6.886000e+001,8.100000e+001,9.091910e+001,3.507223e+001,-9.919104e+000
6.888000e+001,9.900000e+001,9.666663e+001,3.509738e+001,2.333374e+000
6.890000e+001,9.900000e+001,1.026321e+002,3.512219e+001,-3.632076e+000
6.892000e+001,1.140000e+002,1.087243e+002,3.514665e+001,5.275747e+000
6.894000e+001,1.200000e+002,1.148377e+002,3.517075e+001,5.162265e+000
6.896000e+001,1.080000e+002,1.208545e+002,3.519447e+001,-1.285445e+001
6.898000e+001,1.570000e+002,1.266463e+002,3.521781e+001,3.035374e+001
6.900000e+001,1.370000e+002,1.320788e+002,3.524076e+001,4.921169e+000
6.902000e+001,1.460000e+002,1.370172e+002,3.526331e+001,8.982766e+000
6.904000e+001,1.550000e+002,1.413332e+002,3.528544e+001,1.366685e+001
6.906000e+001,1.350000e+002,1.449132e+002,3.530714e+001,-9.913212e+000
6.908000e+001,1.520000e+002,1.476645e+002,3.532842e+001,4.335503e+000
6.910000e+001,1.730000e+002,1.488777e+002,3.534924e+001,2.412233e+001
6.912000e+001,1.310000e+002,1.481536e+002,3.536961e+001,-1.715356e+001
6.914000e+001,1.540000e+002,1.458188e+002,3.538952e+001,8.181245e+000
6.916000e+001,1.360000e+002,1.423056e+002,3.540894e+001,-6.305616e+000
6.918000e+001,1.350000e+002,1.380373e+002,3.542788e+001,-3.037287e+000
6.920000e+001,1.410000e+002,1.333552e+002,3.544632e+001,7.644782e+000
6.922000e+001,1.200000e+002,1.284963e+002,3.546426e+001,-8.496307e+000
6.924000e+001,1.210000e+002,1.236038e+002,3.548167e+001,-2.603757e+000
6.926000e+001,1.290000e+002,1.187522e+002,3.549856e+001,1.024782e+001
6.928000e+001,1.260000e+002,1.139567e+002,3.551491e+001,1.204330e+001
6.930000e+001,1.200000e+002,1.088403e+002,3.553070e+001,1.115973e+001
6.932000e+001,1.010000e+002,1.033255e+002,3.554594e+001,-2.325469e+000
6.934000e+001,7.900000e+001,9.758799e+001,3.556061e+001,-1.858799e+001
6.936000e+001,9.200000e+001,9.183646e+001,3.557469e+001,1.635436e-001
6.938000e+001,8.500000e+001,8.626164e+001,3.558818e+001,-1.261643e+000
6.940000e+001,7.900000e+001,8.100726e+001,3.560107e+001,-2.007264e+000
6.942000e+001,9.000000e+001,7.616325e+001,3.561335e+001,1.383675e+001
6.944000e+001,8.700000e+001,7.177303e+001,3.562501e+001,1.522697e+001
6.946000e+001,7.800000e+001,6.784566e+001,3.563603e+001,1.015434e+001
6.948000e+001,6.600000e+001,6.436751e+001,3.564641e+001,1.632492e+000
6.950000e+001,6.800000e+001,6.131123e+001,3.565613e+001,6.688773e+000
6.952000e+001,6.600000e+001,5.864198e+001,3.566519e+001,7.358016e+000
6.954000e+001,6.600000e+001,5.632156e+001,3.567357e+001,9.678441e+000
6.956000e+001,4.500000e+001,5.431096e+001,3.568127e+001,-9.310964e+000
6.958000e+001,6.100000e+001,5.257215e+001,3.568827e+001,8.427849e+000
6.960000e+001,4.500000e+001,5.106912e+001,3.569456e+001,-6.069121e+000
6.962000e+001,5.300000e+001,4.976866e+001,3.570014e+001,3.231339e+000
6.964000e+001,5.400000e+001,4.864078e+001,3.570499e+001,5.359218e+000
6.966000e+001,3.600000e+001,4.765894e+001,3.570910e+001,-1.165894e+001
6.968000e+001,5.500000e+001,4.680004e+001,3.571246e+001,8.199961e+000
6.970000e+001,4.700000e+001,4.604435e+001,3.571507e+001,9.556486e-001
6.972000e+001,4.300000e+001,4.537524e+001,3.571690e+001,-2.375235e+000
6.974000e+001,5.100000e+001,4.477884e+001,3.571796e+001,6.221161e+000
6.976000e+001,4.400000e+001,4.424374e+001,3.571822e+001,-2.437436e-001
6.978000e+001,4.800000e+001,4.376060e+001,3.571769e+001,4.239398e+000
6.980000e+001,5.200000e+001,4.332180e+001,3.571636e+001,8.678200e+000
6.982000e+001,3.400000e+001,4.292113e+001,3.571424e+001,-8.921133e+000
6.984000e+001,4.400000e+001,4.255353e+001,3.571134e+001,1.446474e+000
6.986000e+001,4.000000e+001,4.221481e+001,3.570767e+001,-2.214807e+000
6.988000e+001,4.400000e+001,4.190152e+001,3.570322e+001,2.098484e+000
6.990000e+001,4.400000e+001,4.161075e+001,3.569801e+001,2.389246e+000
6.992000e+001,4.500000e+001,4.134007e+001,3.569205e+001,3.659929e+000
6.994000e+001,5.400000e+001,4.108737e+001,3.568533e+001,1.291263e+001
6.996000e+001,3.600000e+001,4.085084e+001,3.567786e+001,-4.850841e+000
6.998000e+001,4.200000e+001,4.062891e+001,3.566966e+001,1.371093e+000
7.000000e+001,4.900000e+001,4.042019e+001,3.566072e+001,8.579815e+000
7.002000e+001,3.600000e+001,4.022346e+001,3.565106e+001,-4.223455e+000
7.004000e+001,4.200000e+001,4.003763e+001,3.564067e+001,1.962368e+000
7.006000e+001,3.300000e+001,3.986175e+001,3.562957e+001,-6.861749e+000
7.008000e+001,5.000000e+001,3.969494e+001,3.561776e+001,1.030506e+001
7.010000e+001,4.100000e+001,3.953644e+001,3.560525e+001,1.463563e+000
7.012000e+001,4.100000e+001,3.938553e+001,3.559204e+001,1.614466e+000
7.014000e+001,4.400000e+001,3.924160e+001,3.557814e+001,4.758398e+000
7.016000e+001,4.100000e+001,3.910407e+001,3.556355e+001,1.895925e+000
7.018000e+001,4.400000e+001,3.897243e+001,3.554829e+001,5.027565e+000
7.020000e+001,5.400000e+001,3.884621e+001,3.553235e+001,1.515379e+001
7.022000e+001,4.000000e+001,3.872499e+001,3.551575e+001,1.275011e+000
7.024000e+001,3.200000e+001,3.860837e+001,3.549849e+001,-6.608371e+000
7.026000e+001,3.900000e+001,3.849601e+001,3.548057e+001,5.039928e-001
7.028000e+001,3.900000e+001,3.838757e+001,3.546201e+001,6.124253e-001
7.030000e+001,3.500000e+001,3.828278e+001,3.544280e+001,-3.282779e+000
7.032000e+001,4.300000e+001,3.818135e+001,3.542296e+001,4.818652e+000
7.034000e+001,4.300000e+001,3.808304e+001,3.540249e+001,4.916964e+000
7.036000e+001,2.800000e+001,3.798761e+001,3.538140e+001,-9.987613e+000
7.038000e+001,4.800000e+001,3.789487e+001,3.535969e+001,1.010513e+001
7.040000e+001,3.900000e+001,3.780462e+001,3.533737e+001,1.195385e+000
7.042000e+001,3.400000e+001,3.771667e+001,3.531444e+001,-3.716669e+000
7.044000e+001,3.200000e+001,3.763087e+001,3.529092e+001,-5.630868e+000
7.046000e+001,3.400000e+001,3.754706e+001,3.526680e+001,-3.547060e+000
7.048000e+001,5.000000e+001,3.746510e+001,3.524210e+001,1.253490e+001
7.050000e+001,3.900000e+001,3.738487e+001,3.521681e+001,1.615128e+000
7.052000e+001,3.800000e+001,3.730624e+001,3.519095e+001,6.937576e-001
7.054000e+001,3.100000e+001,3.722910e+001,3.516452e+001,-6.229103e+000
7.056000e+001,4.100000e+001,3.715335e+001,3.513753e+001,3.846649e+000
7.058000e+001,3.500000e+001,3.705510e+001,3.510999e+001,-2.055104e+000
7.060000e+001,3.400000e+001,3.698207e+001,3.508189e+001,-2.982069e+000
7.062000e+001,3.100000e+001,3.691015e+001,3.505325e+001,-5.910150e+000
7.064000e+001,3.100000e+001,3.683927e+001,3.502408e+001,-5.839267e+000
7.066000e+001,3.500000e+001,3.676935e+001,3.499437e+001,-1.769350e+000
7.068000e+001,3.600000e+001,3.670033e+001,3.496413e+001,-7.003307e-001
7.070000e+001,3.600000e+001,3.663215e+001,3.493338e+001,-6.321466e-001
7.072000e+001,4.100000e+001,3.656474e+001,3.490212e+001,4.435261e+000
7.074000e+001,3.000000e+001,3.649805e+001,3.487034e+001,-6.498053e+000
7.076000e+001,3.600000e+001,3.643204e+001,3.483807e+001,-4.320386e-001
7.078000e+001,3.700000e+001,3.635490e+001,3.480530e+001,6.451007e-001
7.080000e+001,2.900000e+001,3.629020e+001,3.477204e+001,-7.290197e+000
7.082000e+001,3.500000e+001,3.622603e+001,3.473830e+001,-1.226031e+000
7.084000e+001,2.700000e+001,3.616236e+001,3.470408e+001,-9.162361e+000
7.086000e+001,4.200000e+001,3.605523e+001,3.466940e+001,5.944771e+000
7.088000e+001,3.800000e+001,3.599266e+001,3.463425e+001,2.007337e+000
7.090000e+001,2.900000e+001,3.593049e+001,3.459864e+001,-6.930489e+000
7.092000e+001,4.800000e+001,3.586868e+001,3.456258e+001,1.213132e+001
7.094000e+001,3.000000e+001,3.580720e+001,3.452607e+001,-5.807202e+000
7.096000e+001,3.500000e+001,3.574603e+001,3.448912e+001,-7.460344e-001
7.098000e+001,3.600000e+001,3.568515e+001,3.445174e+001,3.148490e-001
7.100000e+001,3.700000e+001,3.562453e+001,3.441393e+001,1.375471e+000
7.102000e+001,3.500000e+001,3.556415e+001,3.437570e+001,-5.641468e-001
7.104000e+001,3.300000e+001,3.548219e+001,3.433706e+001,-2.482186e+000
7.106000e+001,2.800000e+001,3.542233e+001,3.429800e+001,-7.422334e+000
7.108000e+001,3.000000e+001,3.536266e+001,3.425855e+001,-5.362664e+000
7.110000e+001,3.800000e+001,3.530316e+001,3.421869e+001,2.696839e+000
7.112000e+001,3.700000e+001,3.524381e+001,3.417845e+001,1.756191e+000
7.114000e+001,3.100000e+001,3.518460e+001,3.413782e+001,-4.184595e+000
7.116000e+001,2.500000e+001,3.512550e+001,3.409681e+001,-1.012550e+001
7.118000e+001,3.800000e+001,3.506653e+001,3.405543e+001,2.933474e+000
7.120000e+001,3.900000e+001,3.500765e+001,3.401369e+001,3.992352e+000
7.122000e+001,2.800000e+001,3.494886e+001,3.397158e+001,-6.948860e+000
7.124000e+001,3.100000e+001,3.489015e+001,3.392912e+001,-3.890150e+000
7.126000e+001,2.400000e+001,3.483151e+001,3.388631e+001,-1.083151e+001
7.128000e+001,3.500000e+001,3.477294e+001,3.384316e+001,2.270648e-001
7.130000e+001,4.400000e+001,3.471441e+001,3.379967e+001,9.285587e+000
7.132000e+001,3.300000e+001,3.465594e+001,3.375586e+001,-1.655937e+000
7.134000e+001,2.700000e+001,3.459750e+001,3.371172e+001,-7.597501e+000
7.136000e+001,3.400000e+001,3.453910e+001,3.366726e+001,-5.390999e-001
7.138000e+001,2.600000e+001,3.448073e+001,3.362249e+001,-8.480727e+000
7.140000e+001,3.400000e+001,3.442238e+001,3.357742e+001,-4.223771e-001
7.142000e+001,3.300000e+001,3.436405e+001,3.353205e+001,-1.364046e+000
7.144000e+001,2.000000e+001,3.430573e+001,3.348638e+001,-1.430573e+001
7.146000e+001,2.500000e+001,3.424742e+001,3.344043e+001,-9.247424e+000
7.148000e+001,2.700000e+001,3.418913e+001,3.339420e+001,-7.189125e+000
7.150000e+001,2.600000e+001,3.413083e+001,3.334769e+001,-8.130831e+000
7.152000e+001,2.400000e+001,3.407254e+001,3.330091e+001,-1.007254e+001
7.154000e+001,3.100000e+001,3.401425e+001,3.325388e+001,-3.014246e+000
7.156000e+001,2.500000e+001,3.395595e+001,3.320658e+001,-8.955951e+000
7.158000e+001,2.900000e+001,3.389765e+001,3.315904e+001,-4.897652e+000
7.160000e+001,3.500000e+001,3.383935e+001,3.311125e+001,1.160653e+000
7.162000e+001,2.700000e+001,3.378104e+001,3.306322e+001,-6.781035e+000
7.164000e+001,2.200000e+001,3.372272e+001,3.301497e+001,-1.172272e+001
7.166000e+001,3.700000e+001,3.366439e+001,3.296648e+001,3.335610e+000
7.168000e+001,2.600000e+001,3.360606e+001,3.291778e+001,-7.606056e+000
7.170000e+001,4.400000e+001,3.354771e+001,3.286886e+001,1.045229e+001
7.172000e+001,3.700000e+001,3.348936e+001,3.281974e+001,3.510637e+000
7.174000e+001,4.300000e+001,3.343101e+001,3.277042e+001,9.568995e+000
7.176000e+001,3.600000e+001,3.337264e+001,3.272090e+001,2.627360e+000
7.178000e+001,3.200000e+001,3.331427e+001,3.267119e+001,-1.314269e+000
7.180000e+001,2.900000e+001,3.325589e+001,3.262130e+001,-4.255893e+000
7.182000e+001,2.200000e+001,3.319751e+001,3.257123e+001,-1.119751e+001
7.184000e+001,3.300000e+001,3.313913e+001,3.252099e+001,-1.391314e-001
7.186000e+001,3.900000e+001,3.308075e+001,3.247059e+001,5.919252e+000
7.188000e+001,2.700000e+001,3.302237e+001,3.242003e+001,-6.022365e+000
7.190000e+001,3.100000e+001,3.296399e+001,3.236932e+001,-1.963985e+000
7.192000e+001,3.400000e+001,3.290561e+001,3.231846e+001,1.094390e+000
7.194000e+001,2.600000e+001,3.284724e+001,3.226746e+001,-6.847241e+000
7.196000e+001,2.700000e+001,3.278888e+001,3.221633e+001,-5.788881e+000
7.198000e+001,2.800000e+001,3.273053e+001,3.216507e+001,-4.730532e+000
7.200000e+001,3.000000e+001,3.267220e+001,3.211368e+001,-2.672197e+000
7.202000e+001,2.400000e+001,3.261388e+001,3.206219e+001,-8.613878e+000
7.204000e+001,2.500000e+001,3.255558e+001,3.201058e+001,-7.555578e+000
7.206000e+001,3.400000e+001,3.249730e+001,3.195887e+001,1.502699e+000
7.208000e+001,2.400000e+001,3.243905e+001,3.190706e+001,-8.439048e+000
7.210000e+001,2.800000e+001,3.238082e+001,3.185516e+001,-4.380823e+000
7.212000e+001,3.200000e+001,3.232263e+001,3.180318e+001,-3.226293e-001
7.214000e+001,2.500000e+001,3.226447e+001,3.175112e+001,-7.264470e+000
7.216000e+001,3.300000e+001,3.220635e+001,3.169898e+001,7.936516e-001
7.218000e+001,3.200000e+001,3.214827e+001,3.164678e+001,-1.482678e-001
7.220000e+001,3.300000e+001,3.209023e+001,3.159452e+001,9.097681e-001
7.222000e+001,3.700000e+001,3.203224e+001,3.154221e+001,4.967756e+000
7.224000e+001,2.700000e+001,3.197431e+001,3.148984e+001,-4.974308e+000
7.226000e+001,3.000000e+001,3.191643e+001,3.143744e+001,-1.916428e+000
7.228000e+001,3.500000e+001,3.185861e+001,3.138500e+001,3.141393e+000
7.230000e+001,3.000000e+001,3.180085e+001,3.133252e+001,-1.800850e+000
7.232000e+001,3.000000e+001,3.174316e+001,3.128003e+001,-1.743159e+000
7.234000e+001,4.000000e+001,3.168554e+001,3.122752e+001,8.314460e+000
7.236000e+001,4.100000e+001,3.162800e+001,3.117499e+001,9.372003e+000
7.238000e+001,3.900000e+001,3.157053e+001,3.112246e+001,7.429468e+000
7.240000e+001,4.200000e+001,3.151315e+001,3.106993e+001,1.048685e+001
7.242000e+001,3.900000e+001,3.145586e+001,3.101741e+001,7.544142e+000
7.244000e+001,5.000000e+001,3.139866e+001,3.096490e+001,1.860134e+001
7.246000e+001,4.000000e+001,3.134155e+001,3.091241e+001,8.658447e+000
7.248000e+001,5.000000e+001,3.128455e+001,3.085995e+001,1.871545e+001
7.250000e+001,5.300000e+001,3.122765e+001,3.080752e+001,2.177235e+001
7.252000e+001,5.200000e+001,3.117086e+001,3.075512e+001,2.082914e+001
7.254000e+001,4.800000e+001,3.111419e+001,3.070277e+001,1.688581e+001
7.256000e+001,4.500000e+001,3.105764e+001,3.065047e+001,1.394236e+001
7.258000e+001,4.600000e+001,3.100120e+001,3.059822e+001,1.499880e+001
7.260000e+001,4.400000e+001,3.094490e+001,3.054604e+001,1.305510e+001
7.262000e+001,5.000000e+001,3.088873e+001,3.049392e+001,1.911127e+001
7.264000e+001,4.900000e+001,3.083270e+001,3.044188e+001,1.816730e+001
7.266000e+001,4.400000e+001,3.077681e+001,3.038992e+001,1.322319e+001
7.268000e+001,6.300000e+001,3.072107e+001,3.033804e+001,3.227893e+001
7.270000e+001,4.300000e+001,3.066547e+001,3.028626e+001,1.233453e+001
7.272000e+001,5.100000e+001,3.061004e+001,3.023458e+001,2.038996e+001
7.274000e+001,3.300000e+001,3.055477e+001,3.018300e+001,2.445230e+000
7.276000e+001,3.900000e+001,3.049966e+001,3.013153e+001,8.500335e+000
7.278000e+001,4.100000e+001,3.044473e+001,3.008018e+001,1.055527e+001
7.280000e+001,3.400000e+001,3.038998e+001,3.002895e+001,3.610024e+000
7.282000e+001,3.400000e+001,3.033540e+001,2.997785e+001,3.664599e+000
7.284000e+001,3.400000e+001,3.028101e+001,2.992689e+001,3.718986e+000
7.286000e+001,3.200000e+001,3.022682e+001,2.987607e+001,1.773181e+000
7.288000e+001,2.800000e+001,3.017282e+001,2.982539e+001,-2.172820e+000
7.290000e+001,2.700000e+001,3.011902e+001,2.977487e+001,-3.119025e+000
7.292000e+001,3.100000e+001,3.006544e+001,2.972451e+001,9.345639e-001
7.294000e+001,3.300000e+001,3.001206e+001,2.967432e+001,2.987940e+000
7.296000e+001,3.300000e+001,2.995890e+001,2.962430e+001,3.041098e+000
7.298000e+001,4.400000e+001,2.990597e+001,2.957445e+001,1.409403e+001
7.300000e+001,4.100000e+001,2.985326e+001,2.952479e+001,1.114674e+001
7.302000e+001,2.900000e+001,2.980079e+001,2.947532e+001,-8.007878e-001
7.304000e+001,3.400000e+001,2.974855e+001,2.942605e+001,4.251446e+000
7.306000e+001,2.700000e+001,2.969656e+001,2.937698e+001,-2.696564e+000
7.308000e+001,2.600000e+001,2.964482e+001,2.932812e+001,-3.644824e+000
7.310000e+001,3.000000e+001,2.959334e+001,2.927948e+001,4.066619e-001
7.312000e+001,3.400000e+001,2.954211e+001,2.923105e+001,4.457887e+000
7.314000e+001,2.900000e+001,2.949115e+001,2.918285e+001,-4.911534e-001
7.316000e+001,3.000000e+001,2.944047e+001,2.913489e+001,5.595350e-001
7.318000e+001,2.600000e+001,2.939005e+001,2.908716e+001,-3.390053e+000
7.320000e+001,3.300000e+001,2.933992e+001,2.903968e+001,3.660077e+000
7.322000e+001,3.400000e+001,2.929008e+001,2.899246e+001,4.709920e+000
7.324000e+001,2.800000e+001,2.924053e+001,2.894549e+001,-1.240531e+000
7.326000e+001,2.200000e+001,2.919128e+001,2.889878e+001,-7.191279e+000
7.328000e+001,3.000000e+001,2.914233e+001,2.885234e+001,8.576684e-001
7.330000e+001,3.100000e+001,2.909369e+001,2.880618e+001,1.906307e+000
7.332000e+001,2.500000e+001,2.904537e+001,2.876030e+001,-4.045370e+000
7.334000e+001,2.800000e+001,2.899737e+001,2.871472e+001,-9.973670e-001
7.336000e+001,2.500000e+001,2.894969e+001,2.866942e+001,-3.949690e+000
7.338000e+001,3.200000e+001,2.890234e+001,2.862443e+001,3.097655e+000
7.340000e+001,2.400000e+001,2.885534e+001,2.857974e+001,-4.855336e+000
7.342000e+001,2.800000e+001,2.880867e+001,2.853536e+001,-8.086706e-001
7.344000e+001,3.300000e+001,2.876235e+001,2.849131e+001,4.237647e+000
7.346000e+001,3.000000e+001,2.871639e+001,2.844758e+001,1.283610e+000
7.348000e+001,2.900000e+001,2.867079e+001,2.840418e+001,3.292141e-001
7.350000e+001,4.600000e+001,2.862555e+001,2.836112e+001,1.737445e+001
7.352000e+001,2.500000e+001,2.858068e+001,2.831840e+001,-3.580679e+000
7.354000e+001,2.700000e+001,2.853619e+001,2.827603e+001,-1.536188e+000
7.356000e+001,2.500000e+001,2.849208e+001,2.823401e+001,-3.492079e+000
7.358000e+001,2.500000e+001,2.844836e+001,2.819236e+001,-3.448357e+000
7.360000e+001,2.600000e+001,2.840503e+001,2.815108e+001,-2.405029e+000
7.362000e+001,2.600000e+001,2.836210e+001,2.811017e+001,-2.362100e+000
7.364000e+001,2.900000e+001,2.831958e+001,2.806964e+001,6.804237e-001
7.366000e+001,3.900000e+001,2.827746e+001,2.802949e+001,1.072254e+001
7.368000e+001,2.700000e+001,2.823577e+001,2.798974e+001,-1.235766e+000
7.370000e+001,2.100000e+001,2.819449e+001,2.795039e+001,-7.194491e+000
7.372000e+001,2.700000e+001,2.815364e+001,2.791144e+001,-1.153644e+000
7.374000e+001,3.200000e+001,2.811323e+001,2.787291e+001,3.886770e+000
7.376000e+001,3.400000e+001,2.807326e+001,2.783479e+001,5.926744e+000
7.378000e+001,2.500000e+001,2.803373e+001,2.779709e+001,-3.033726e+000
7.380000e+001,3.000000e+001,2.799465e+001,2.775982e+001,2.005352e+000
7.382000e+001,2.200000e+001,2.795603e+001,2.772299e+001,-5.956026e+000
7.384000e+001,3.000000e+001,2.791787e+001,2.768660e+001,2.082134e+000
7.386000e+001,3.200000e+001,2.788017e+001,2.765065e+001,4.119825e+000
7.388000e+001,3.200000e+001,2.784296e+001,2.761516e+001,4.157043e+000
7.390000e+001,3.100000e+001,2.780622e+001,2.758013e+001,3.193781e+000
7.392000e+001,3.400000e+001,2.776997e+001,2.754556e+001,6.230033e+000
7.394000e+001,3.200000e+001,2.773421e+001,2.751147e+001,4.265794e+000
7.396000e+001,3.400000e+001,2.769894e+001,2.747786e+001,6.301058e+000
7.398000e+001,2.100000e+001,2.766418e+001,2.744472e+001,-6.664181e+000
7.400000e+001,2.500000e+001,2.762993e+001,2.741208e+001,-2.629929e+000
7.402000e+001,2.400000e+001,2.759619e+001,2.737994e+001,-3.596192e+000
7.404000e+001,4.200000e+001,2.756298e+001,2.734830e+001,1.443702e+001
7.406000e+001,1.700000e+001,2.753028e+001,2.731716e+001,-1.053028e+001
7.408000e+001,3.000000e+001,2.749813e+001,2.728655e+001,2.501874e+000
7.410000e+001,3.500000e+001,2.740719e+001,2.725645e+001,7.592808e+000
7.412000e+001,2.800000e+001,2.737650e+001,2.722688e+001,6.235008e-001
7.414000e+001,2.800000e+001,2.734635e+001,2.719784e+001,6.536472e-001
7.416000e+001,2.300000e+001,2.731676e+001,2.716934e+001,-4.316758e+000
7.418000e+001,3.700000e+001,2.728772e+001,2.714139e+001,9.712278e+000
7.420000e+001,3.000000e+001,2.725925e+001,2.711399e+001,2.740751e+000
7.422000e+001,2.700000e+001,2.723135e+001,2.708714e+001,-2.313463e-001
7.424000e+001,2.600000e+001,2.720402e+001,2.706086e+001,-1.204019e+000
7.426000e+001,3.200000e+001,2.717727e+001,2.703515e+001,4.822727e+000
7.428000e+001,2.900000e+001,2.712152e+001,2.701002e+001,1.878483e+000
7.430000e+001,2.200000e+001,2.709614e+001,2.698547e+001,-5.096144e+000
7.432000e+001,3.500000e+001,2.707137e+001,2.696150e+001,7.928631e+000
7.434000e+001,2.800000e+001,2.704720e+001,2.693813e+001,9.528021e-001
7.436000e+001,2.900000e+001,2.702364e+001,2.691536e+001,1.976364e+000
7.438000e+001,2.700000e+001,2.700069e+001,2.689320e+001,-6.896576e-004
7.440000e+001,4.200000e+001,2.697836e+001,2.687165e+001,1.502164e+001
7.442000e+001,3.100000e+001,2.695667e+001,2.685072e+001,4.043333e+000
7.444000e+001,3.200000e+001,2.693560e+001,2.683041e+001,5.064397e+000
7.446000e+001,2.800000e+001,2.691518e+001,2.681074e+001,1.084821e+000
7.448000e+001,3.400000e+001,2.689540e+001,2.679170e+001,7.104600e+000
7.450000e+001,3.200000e+001,2.687627e+001,2.677330e+001,5.123727e+000
7.452000e+001,2.300000e+001,2.685780e+001,2.675556e+001,-3.857802e+000
7.454000e+001,2.100000e+001,2.684000e+001,2.673847e+001,-5.839996e+000
7.456000e+001,2.400000e+001,2.682286e+001,2.672204e+001,-2.822859e+000
7.458000e+001,3.100000e+001,2.680640e+001,2.670628e+001,4.193603e+000
7.460000e+001,2.100000e+001,2.679062e+001,2.669119e+001,-5.790617e+000
7.462000e+001,3.300000e+001,2.677552e+001,2.667678e+001,6.224476e+000
7.464000e+001,3.300000e+001,2.676112e+001,2.666306e+001,6.238876e+000
7.466000e+001,2.100000e+001,2.674742e+001,2.665003e+001,-5.747424e+000
7.468000e+001,3.100000e+001,2.673443e+001,2.663770e+001,4.265570e+000
7.470000e+001,3.100000e+001,2.672215e+001,2.662607e+001,4.277853e+000
7.472000e+001,2.800000e+001,2.671058e+001,2.661516e+001,1.289418e+000
7.474000e+001,3.300000e+001,2.669974e+001,2.660496e+001,6.300260e+000
7.476000e+001,2.300000e+001,2.668963e+001,2.659548e+001,-3.689628e+000
7.478000e+001,2.800000e+001,2.668025e+001,2.658674e+001,1.319749e+000
7.480000e+001,2.200000e+001,2.667162e+001,2.657872e+001,-4.671616e+000
7.482000e+001,2.800000e+001,2.666373e+001,2.657145e+001,1.336271e+000
7.484000e+001,3.000000e+001,2.665660e+001,2.656493e+001,3.343405e+000
7.486000e+001,2.800000e+001,2.665022e+001,2.655916e+001,1.349779e+000
7.488000e+001,3.100000e+001,2.664461e+001,2.655415e+001,4.355387e+000
7.490000e+001,3.800000e+001,2.663977e+001,2.654990e+001,1.136023e+001
7.492000e+001,2.700000e+001,2.663570e+001,2.654641e+001,3.643034e-001
7.494000e+001,2.600000e+001,2.663237e+001,2.654366e+001,-6.323713e-001
7.496000e+001,2.100000e+001,2.662979e+001,2.654165e+001,-5.629788e+000
7.498000e+001,3.300000e+001,2.662794e+001,2.654037e+001,6.372063e+000
7.500000e+001,2.400000e+001,2.662681e+001,2.653980e+001,-2.626808e+000
7.502000e+001,2.600000e+001,2.662639e+001,2.653994e+001,-6.263916e-001
7.504000e+001,2.900000e+001,2.662668e+001,2.654077e+001,2.373322e+000
7.506000e+001,1.700000e+001,2.662766e+001,2.654230e+001,-9.627656e+000
7.508000e+001,2.400000e+001,2.662932e+001,2.654450e+001,-2.629317e+000
7.510000e+001,3.100000e+001,2.663165e+001,2.654737e+001,4.368349e+000
7.512000e+001,3.200000e+001,2.663465e+001,2.655089e+001,5.365352e+000
7.514000e+001,3.000000e+001,2.663830e+001,2.655506e+001,3.361702e+000
7.516000e+001,2.300000e+001,2.664259e+001,2.655988e+001,-3.642591e+000
7.518000e+001,2.500000e+001,2.664752e+001,2.656532e+001,-1.647517e+000
7.520000e+001,3.400000e+001,2.665307e+001,2.657137e+001,7.346933e+000
7.522000e+001,3.200000e+001,2.665923e+001,2.657804e+001,5.340770e+000
7.524000e+001,1.700000e+001,2.666600e+001,2.658530e+001,-9.665996e+000
7.526000e+001,2.500000e+001,2.667336e+001,2.659316e+001,-1.673356e+000
7.528000e+001,2.900000e+001,2.668130e+001,2.660159e+001,2.318700e+000
7.530000e+001,2.800000e+001,2.668982e+001,2.661059e+001,1.310182e+000
7.532000e+001,1.200000e+001,2.669890e+001,2.662015e+001,-1.469890e+001
7.534000e+001,3.200000e+001,2.670854e+001,2.663027e+001,5.291464e+000
7.536000e+001,2.500000e+001,2.671872e+001,2.664092e+001,-1.718717e+000
7.538000e+001,2.500000e+001,2.672943e+001,2.665210e+001,-1.729432e+000
7.540000e+001,2.600000e+001,2.674067e+001,2.666380e+001,-7.406710e-001
7.542000e+001,2.400000e+001,2.675242e+001,2.667601e+001,-2.752425e+000
7.544000e+001,2.900000e+001,2.676468e+001,2.668872e+001,2.235316e+000
7.546000e+001,1.900000e+001,2.677744e+001,2.670192e+001,-7.777437e+000
7.548000e+001,2.200000e+001,2.679068e+001,2.671561e+001,-4.790676e+000
7.550000e+001,2.500000e+001,2.680439e+001,2.672976e+001,-1.804390e+000
7.552000e+001,1.800000e+001,2.681857e+001,2.674438e+001,-8.818569e+000
7.554000e+001,4.000000e+001,2.683320e+001,2.675944e+001,1.316680e+001
7.556000e+001,2.000000e+001,2.684828e+001,2.677495e+001,-6.848284e+000
7.558000e+001,2.400000e+001,2.686380e+001,2.679089e+001,-2.863799e+000
7.560000e+001,1.700000e+001,2.687974e+001,2.680725e+001,-9.879741e+000
7.562000e+001,2.600000e+001,2.689610e+001,2.682403e+001,-8.960984e-001
7.564000e+001,2.500000e+001,2.691286e+001,2.684120e+001,-1.912862e+000
7.566000e+001,2.600000e+001,2.693002e+001,2.685877e+001,-9.300217e-001
7.568000e+001,2.700000e+001,2.694757e+001,2.687672e+001,5.243221e-002
7.570000e+001,1.700000e+001,2.696549e+001,2.689505e+001,-9.965490e+000
7.572000e+001,1.900000e+001,2.698378e+001,2.691373e+001,-7.983780e+000
7.574000e+001,2.300000e+001,2.700243e+001,2.693278e+001,-4.002425e+000
7.576000e+001,2.000000e+001,2.702142e+001,2.695216e+001,-7.021418e+000
7.578000e+001,1.800000e+001,2.704075e+001,2.697188e+001,-9.040748e+000
7.580000e+001,1.900000e+001,2.706041e+001,2.699192e+001,-8.060405e+000
7.582000e+001,2.000000e+001,2.708038e+001,2.701227e+001,-7.080379e+000
7.584000e+001,2.000000e+001,2.710066e+001,2.703293e+001,-7.100661e+000
7.586000e+001,2.800000e+001,2.712124e+001,2.705389e+001,8.787595e-001
7.588000e+001,3.000000e+001,2.714211e+001,2.707512e+001,2.857893e+000
7.590000e+001,3.000000e+001,2.716325e+001,2.709664e+001,2.836748e+000
7.592000e+001,2.900000e+001,2.718467e+001,2.711841e+001,1.815335e+000
7.594000e+001,2.300000e+001,2.720634e+001,2.714044e+001,-4.206336e+000
7.596000e+001,2.100000e+001,2.722826e+001,2.716272e+001,-6.228256e+000
7.598000e+001,2.500000e+001,2.725041e+001,2.718523e+001,-2.250413e+000
7.600000e+001,2.400000e+001,2.727280e+001,2.720797e+001,-3.272800e+000
7.602000e+001,3.100000e+001,2.729540e+001,2.723093e+001,3.704595e+000
7.604000e+001,2.700000e+001,2.731822e+001,2.725409e+001,-3.182188e-001
7.606000e+001,2.200000e+001,2.734123e+001,2.727744e+001,-5.341232e+000
7.608000e+001,3.700000e+001,2.736443e+001,2.730098e+001,9.635566e+000
7.610000e+001,2.300000e+001,2.738782e+001,2.732470e+001,-4.387815e+000
7.612000e+001,2.100000e+001,2.741137e+001,2.734859e+001,-6.411366e+000
7.614000e+001,2.400000e+001,2.743508e+001,2.737263e+001,-3.435077e+000
7.616000e+001,2.200000e+001,2.745894e+001,2.739682e+001,-5.458937e+000
7.618000e+001,2.900000e+001,2.748294e+001,2.742115e+001,1.517063e+000
7.620000e+001,2.800000e+001,2.750707e+001,2.744560e+001,4.929329e-001
7.622000e+001,3.100000e+001,2.753132e+001,2.747017e+001,3.468683e+000
7.624000e+001,2.500000e+001,2.755568e+001,2.749485e+001,-2.555678e+000
7.626000e+001,2.900000e+001,2.758014e+001,2.751962e+001,1.419861e+000
7.628000e+001,2.200000e+001,2.760469e+001,2.754449e+001,-5.604691e+000
7.630000e+001,2.400000e+001,2.762932e+001,2.756943e+001,-3.629324e+000
7.632000e+001,2.900000e+001,2.765403e+001,2.759444e+001,1.345972e+000
7.634000e+001,2.400000e+001,2.767879e+001,2.761951e+001,-3.678792e+000
7.636000e+001,3.600000e+001,2.770361e+001,2.764463e+001,8.296392e+000
7.638000e+001,3.500000e+001,2.772847e+001,2.766979e+001,7.271534e+000
7.640000e+001,3.200000e+001,2.775335e+001,2.769498e+001,4.246645e+000
7.642000e+001,1.800000e+001,2.777827e+001,2.772018e+001,-9.778265e+000
7.644000e+001,2.900000e+001,2.780319e+001,2.774540e+001,1.196812e+000
7.646000e+001,3.100000e+001,2.782811e+001,2.777061e+001,3.171888e+000
7.648000e+001,2.900000e+001,2.785303e+001,2.779582e+001,1.146971e+000
7.650000e+001,2.400000e+001,2.787793e+001,2.782100e+001,-3.877928e+000
7.652000e+001,2.900000e+001,2.790280e+001,2.784616e+001,1.097200e+000
7.654000e+001,3.300000e+001,2.792763e+001,2.787127e+001,5.072366e+000
7.656000e+001,3.000000e+001,2.795242e+001,2.789634e+001,2.047579e+000
7.658000e+001,2.300000e+001,2.797715e+001,2.792134e+001,-4.977151e+000
7.660000e+001,3.400000e+001,2.800181e+001,2.794628e+001,5.998186e+000
7.662000e+001,3.700000e+001,2.802640e+001,2.797114e+001,8.973600e+000
7.664000e+001,2.800000e+001,2.805090e+001,2.799591e+001,-5.089992e-002
7.666000e+001,3.500000e+001,2.807530e+001,2.802058e+001,6.924697e+000
7.668000e+001,3.500000e+001,2.809960e+001,2.804515e+001,6.900400e+000
7.670000e+001,4.000000e+001,2.812378e+001,2.806959e+001,1.187622e+001
7.672000e+001,2.900000e+001,2.814784e+001,2.809391e+001,8.521636e-001
7.674000e+001,3.900000e+001,2.817176e+001,2.811809e+001,1.082824e+001
7.676000e+001,3.200000e+001,2.819553e+001,2.814212e+001,3.804471e+000
7.678000e+001,4.300000e+001,2.821915e+001,2.816599e+001,1.478085e+001
7.680000e+001,4.500000e+001,2.824260e+001,2.818970e+001,1.675740e+001
7.682000e+001,4.300000e+001,2.826588e+001,2.821323e+001,1.473412e+001
7.684000e+001,3.600000e+001,2.828897e+001,2.823657e+001,7.711029e+000
7.686000e+001,4.400000e+001,2.831187e+001,2.825972e+001,1.568813e+001
7.688000e+001,4.700000e+001,2.833456e+001,2.828266e+001,1.866544e+001
7.690000e+001,4.300000e+001,2.835704e+001,2.830538e+001,1.464296e+001
7.692000e+001,4.700000e+001,2.837930e+001,2.832788e+001,1.862070e+001
7.694000e+001,4.100000e+001,2.840132e+001,2.835014e+001,1.259868e+001
7.696000e+001,6.000000e+001,2.842309e+001,2.837216e+001,3.157691e+001
7.698000e+001,5.100000e+001,2.844461e+001,2.839392e+001,2.255539e+001
7.700000e+001,4.600000e+001,2.846587e+001,2.841541e+001,1.753413e+001
7.702000e+001,4.200000e+001,2.848686e+001,2.843663e+001,1.351314e+001
7.704000e+001,4.300000e+001,2.850756e+001,2.845756e+001,1.449244e+001
7.706000e+001,4.300000e+001,2.852797e+001,2.847820e+001,1.447203e+001
7.708000e+001,3.500000e+001,2.854807e+001,2.849854e+001,6.451926e+000
7.710000e+001,4.600000e+001,2.856787e+001,2.851855e+001,1.743213e+001
7.712000e+001,5.800000e+001,2.858734e+001,2.853825e+001,2.941266e+001
7.714000e+001,3.900000e+001,2.860647e+001,2.855761e+001,1.039353e+001
7.716000e+001,4.800000e+001,2.862527e+001,2.857663e+001,1.937473e+001
7.718000e+001,3.200000e+001,2.864371e+001,2.859529e+001,3.356289e+000
7.720000e+001,4.400000e+001,2.866179e+001,2.861359e+001,1.533821e+001
7.722000e+001,4.700000e+001,2.867950e+001,2.863152e+001,1.832050e+001
7.724000e+001,5.000000e+001,2.869683e+001,2.864906e+001,2.130317e+001
7.726000e+001,3.100000e+001,2.871376e+001,2.866621e+001,2.286237e+000
7.728000e+001,3.600000e+001,2.873030e+001,2.868295e+001,7.269703e+000
7.730000e+001,3.900000e+001,2.874642e+001,2.869929e+001,1.025358e+001
7.732000e+001,3.500000e+001,2.876212e+001,2.871520e+001,6.237878e+000
7.734000e+001,3.200000e+001,2.877739e+001,2.873068e+001,3.222607e+000
7.736000e+001,3.900000e+001,2.879222e+001,2.874572e+001,1.020778e+001
7.738000e+001,3.200000e+001,2.880660e+001,2.876030e+001,3.193398e+000
7.740000e+001,3.800000e+001,2.882052e+001,2.877442e+001,9.179479e+000
7.742000e+001,3.500000e+001,2.883397e+001,2.878807e+001,6.166030e+000
7.744000e+001,2.900000e+001,2.884694e+001,2.880124e+001,1.530611e-001
7.746000e+001,2.800000e+001,2.885942e+001,2.881392e+001,-8.594178e-001
7.748000e+001,3.500000e+001,2.887140e+001,2.882610e+001,6.128603e+000
7.750000e+001,2.700000e+001,2.888287e+001,2.883776e+001,-1.882867e+000
7.752000e+001,3.700000e+001,2.889382e+001,2.884891e+001,8.106183e+000
7.754000e+001,2.500000e+001,2.890424e+001,2.885952e+001,-3.904238e+000
7.756000e+001,2.400000e+001,2.891412e+001,2.886960e+001,-4.914119e+000
7.758000e+001,3.400000e+001,2.892345e+001,2.887912e+001,5.076548e+000
7.760000e+001,3.300000e+001,2.893223e+001,2.888809e+001,4.067774e+000
7.762000e+001,2.200000e+001,2.894043e+001,2.889648e+001,-6.940432e+000
7.764000e+001,3.000000e+001,2.894806e+001,2.890429e+001,1.051941e+000
7.766000e+001,3.700000e+001,2.895510e+001,2.891152e+001,8.044902e+000
7.768000e+001,2.800000e+001,2.893656e+001,2.891814e+001,-9.365567e-001
7.770000e+001,2.300000e+001,2.894251e+001,2.892416e+001,-5.942505e+000
7.772000e+001,3.100000e+001,2.894784e+001,2.892956e+001,2.052164e+000
7.774000e+001,2.300000e+001,2.895254e+001,2.893433e+001,-5.952537e+000
7.776000e+001,2.500000e+001,2.895660e+001,2.893846e+001,-3.956601e+000
7.778000e+001,3.100000e+001,2.896002e+001,2.894194e+001,2.039983e+000
7.780000e+001,3.000000e+001,2.896277e+001,2.894476e+001,1.037225e+000
7.782000e+001,1.600000e+001,2.896486e+001,2.894692e+001,-1.296486e+001
7.784000e+001,2.400000e+001,2.896628e+001,2.894839e+001,-4.966277e+000
7.786000e+001,3.000000e+001,2.896700e+001,2.894918e+001,1.032997e+000
7.788000e+001,3.600000e+001,2.895462e+001,2.894928e+001,7.045375e+000
7.790000e+001,3.400000e+001,2.895400e+001,2.894866e+001,5.045996e+000
7.792000e+001,2.800000e+001,2.895267e+001,2.894733e+001,-9.526651e-001
7.794000e+001,3.600000e+001,2.895060e+001,2.894527e+001,7.049400e+000
7.796000e+001,2.700000e+001,2.894780e+001,2.894247e+001,-1.947798e+000
7.798000e+001,2.800000e+001,2.894425e+001,2.893893e+001,-9.442487e-001
7.800000e+001,3.300000e+001,2.893994e+001,2.893463e+001,4.060057e+000
7.802000e+001,3.400000e+001,2.893487e+001,2.892956e+001,5.065128e+000
7.804000e+001,2.300000e+001,2.892902e+001,2.892372e+001,-5.929024e+000
7.806000e+001,3.100000e+001,2.892239e+001,2.891709e+001,2.077609e+000
7.808000e+001,2.100000e+001,2.891496e+001,2.890967e+001,-7.914961e+000
7.810000e+001,3.500000e+001,2.890673e+001,2.890144e+001,6.093274e+000
7.812000e+001,3.700000e+001,2.889768e+001,2.889240e+001,8.102324e+000
7.814000e+001,3.200000e+001,2.888780e+001,2.888253e+001,3.112199e+000
7.816000e+001,3.000000e+001,2.887709e+001,2.887182e+001,1.122910e+000
7.818000e+001,2.500000e+001,2.886554e+001,2.886027e+001,-3.865535e+000
7.820000e+001,1.900000e+001,2.885313e+001,2.884787e+001,-9.853125e+000
7.822000e+001,3.200000e+001,2.883985e+001,2.883460e+001,3.160149e+000
7.824000e+001,1.700000e+001,2.882570e+001,2.882046e+001,-1.182570e+001
7.826000e+001,2.400000e+001,2.881067e+001,2.880543e+001,-4.810669e+000
7.828000e+001,2.100000e+001,2.879474e+001,2.878951e+001,-7.794743e+000
7.830000e+001,2.100000e+001,2.877791e+001,2.877268e+001,-7.777912e+000
7.832000e+001,1.700000e+001,2.876017e+001,2.875495e+001,-1.176017e+001
7.834000e+001,2.500000e+001,2.874150e+001,2.873628e+001,-3.741501e+000
7.836000e+001,2.700000e+001,2.872190e+001,2.871669e+001,-1.721900e+000
7.838000e+001,2.300000e+001,2.870136e+001,2.869615e+001,-5.701357e+000
7.840000e+001,2.000000e+001,2.867986e+001,2.867466e+001,-8.679860e+000
7.842000e+001,2.700000e+001,2.865740e+001,2.865221e+001,-1.657401e+000
7.844000e+001,2.700000e+001,2.863397e+001,2.862878e+001,-1.633970e+000
7.846000e+001,2.200000e+001,2.860956e+001,2.860437e+001,-6.609556e+000
7.848000e+001,2.200000e+001,2.858415e+001,2.857897e+001,-6.584150e+000
7.850000e+001,3.000000e+001,2.855774e+001,2.855257e+001,1.442258e+000
7.852000e+001,2.600000e+001,2.853032e+001,2.852515e+001,-2.530322e+000
7.854000e+001,3.500000e+001,2.850188e+001,2.849672e+001,6.498120e+000
7.856000e+001,2.700000e+001,2.847241e+001,2.846725e+001,-1.472408e+000
7.858000e+001,2.700000e+001,2.844189e+001,2.843674e+001,-1.441894e+000
7.860000e+001,2.800000e+001,2.841033e+001,2.840518e+001,-4.103287e-001
7.862000e+001,2.300000e+001,2.837770e+001,2.837256e+001,-5.377703e+000
7.864000e+001,3.100000e+001,2.834401e+001,2.833887e+001,2.655994e+000
7.866000e+001,1.800000e+001,2.830923e+001,2.830410e+001,-1.030923e+001
7.868000e+001,2.500000e+001,2.827336e+001,2.826824e+001,-3.273362e+000
7.870000e+001,3.200000e+001,2.823639e+001,2.823128e+001,3.763606e+000
7.872000e+001,2.900000e+001,2.819832e+001,2.819320e+001,8.016834e-001
7.874000e+001,2.700000e+001,2.815912e+001,2.815401e+001,-1.159119e+000
7.876000e+001,2.700000e+001,2.811879e+001,2.811369e+001,-1.118792e+000
7.878000e+001,2.600000e+001,2.807733e+001,2.807223e+001,-2.077326e+000
7.880000e+001,1.700000e+001,2.803471e+001,2.802962e+001,-1.103471e+001
7.882000e+001,2.700000e+001,2.799094e+001,2.798585e+001,-9.909358e-001
7.884000e+001,2.800000e+001,2.794599e+001,2.794091e+001,5.400771e-002
7.886000e+001,2.700000e+001,2.789987e+001,2.789480e+001,-8.998701e-001
7.888000e+001,2.500000e+001,2.785256e+001,2.784749e+001,-2.852559e+000
7.890000e+001,2.300000e+001,2.780405e+001,2.779899e+001,-4.804050e+000
7.892000e+001,2.700000e+001,2.775433e+001,2.774928e+001,-7.543329e-001
7.894000e+001,2.900000e+001,2.770340e+001,2.769835e+001,1.296602e+000
7.896000e+001,3.000000e+001,2.765123e+001,2.764619e+001,2.348765e+000
7.898000e+001,2.400000e+001,2.759783e+001,2.759279e+001,-3.597834e+000
7.900000e+001,2.000000e+001,2.754319e+001,2.753815e+001,-7.543186e+000
7.902000e+001,2.800000e+001,2.748728e+001,2.748225e+001,5.127195e-001
7.904000e+001,2.400000e+001,2.743011e+001,2.742508e+001,-3.430108e+000
7.906000e+001,2.800000e+001,2.737166e+001,2.736664e+001,6.283413e-001
7.908000e+001,2.300000e+001,2.731192e+001,2.730691e+001,-4.311923e+000
7.910000e+001,2.200000e+001,2.725089e+001,2.724588e+001,-5.250890e+000
7.912000e+001,2.200000e+001,2.718522e+001,2.718355e+001,-5.185218e+000
7.914000e+001,2.900000e+001,2.712157e+001,2.711990e+001,1.878434e+000
7.916000e+001,3.600000e+001,2.705659e+001,2.705492e+001,8.943412e+000
7.918000e+001,2.500000e+001,2.699027e+001,2.698861e+001,-1.990275e+000
7.920000e+001,2.300000e+001,2.692262e+001,2.692095e+001,-3.922616e+000
7.922000e+001,3.200000e+001,2.685194e+001,2.685194e+001,5.148056e+000
7.924000e+001,2.900000e+001,2.678157e+001,2.678156e+001,2.218434e+000
7.926000e+001,3.300000e+001,2.670981e+001,2.670981e+001,6.290188e+000
7.928000e+001,3.000000e+001,2.663667e+001,2.663667e+001,3.363326e+000
7.930000e+001,2.800000e+001,2.656214e+001,2.656214e+001,1.437859e+000
7.932000e+001,2.700000e+001,2.648620e+001,2.648620e+001,5.137963e-001
7.934000e+001,3.000000e+001,2.640885e+001,2.640885e+001,3.591148e+000
7.936000e+001,2.900000e+001,2.633008e+001,2.633007e+001,2.669924e+000
7.938000e+001,3.400000e+001,2.624987e+001,2.624986e+001,7.750134e+000
7.940000e+001,3.200000e+001,2.616821e+001,2.616821e+001,5.831788e+000
7.942000e+001,2.600000e+001,2.608510e+001,2.608510e+001,-8.510403e-002
7.944000e+001,3.100000e+001,2.600053e+001,2.600053e+001,4.999467e+000
7.946000e+001,2.000000e+001,2.591449e+001,2.591448e+001,-5.914488e+000
7.948000e+001,2.500000e+001,2.582696e+001,2.582696e+001,-8.269609e-001
7.950000e+001,2.500000e+001,2.573794e+001,2.573794e+001,-7.379404e-001
7.952000e+001,2.100000e+001,2.564742e+001,2.564741e+001,-4.647417e+000
7.954000e+001,3.400000e+001,2.555538e+001,2.555538e+001,8.444619e+000
7.956000e+001,3.600000e+001,2.546182e+001,2.546182e+001,1.053818e+001
7.958000e+001,3.000000e+001,2.536673e+001,2.536673e+001,4.633267e+000
7.960000e+001,2.800000e+001,2.527010e+001,2.527010e+001,2.729900e+000
7.962000e+001,2.800000e+001,2.517192e+001,2.517191e+001,2.828084e+000
7.964000e+001,2.700000e+001,2.507217e+001,2.507217e+001,1.927830e+000
7.966000e+001,2.000000e+001,2.497085e+001,2.497085e+001,-4.970852e+000
7.968000e+001,2.400000e+001,2.486795e+001,2.486795e+001,-8.679530e-001
7.970000e+001,3.100000e+001,2.476346e+001,2.476346e+001,6.236537e+000
7.972000e+001,2.700000e+001,2.465737e+001,2.465737e+001,2.342628e+000
7.974000e+001,2.300000e+001,2.454967e+001,2.454967e+001,-1.549670e+000
7.976000e+001,2.400000e+001,2.444035e+001,2.444034e+001,-4.403477e-001
7.978000e+001,3.200000e+001,2.432939e+001,2.432939e+001,7.670605e+000
7.980000e+001,2.200000e+001,2.421680e+001,2.421680e+001,-2.216802e+000
7.982000e+001,2.400000e+001,2.410256e+001,2.410255e+001,-1.025586e-001
7.984000e+001,2.800000e+001,2.398666e+001,2.398665e+001,4.013344e+000
7.986000e+001,2.700000e+001,2.386908e+001,2.386908e+001,3.130917e+000
7.988000e+001,3.000000e+001,2.374983e+001,2.374983e+001,6.250169e+000
7.990000e+001,3.100000e+001,2.362889e+001,2.362888e+001,7.371111e+000
7.992000e+001,1.900000e+001,2.350625e+001,2.350624e+001,-4.506248e+000
7.994000e+001,3.100000e+001,2.338190e+001,2.338189e+001,7.618102e+000
7.996000e+001,3.100000e+001,2.325583e+001,2.325583e+001,7.744170e+000
7.998000e+001,2.900000e+001,2.312803e+001,2.312803e+001,5.871967e+000
8.000000e+001,1.800000e+001,2.299850e+001,2.299849e+001,-4.998497e+000
